-- MySQL dump 10.13  Distrib 5.5.35, for debian-linux-gnu (x86_64)
--
-- Host: localhost    Database: node
-- ------------------------------------------------------
-- Server version	5.5.35-0+wheezy1

/*!40101 SET @OLD_CHARACTER_SET_CLIENT=@@CHARACTER_SET_CLIENT */;
/*!40101 SET @OLD_CHARACTER_SET_RESULTS=@@CHARACTER_SET_RESULTS */;
/*!40101 SET @OLD_COLLATION_CONNECTION=@@COLLATION_CONNECTION */;
/*!40101 SET NAMES utf8 */;
/*!40103 SET @OLD_TIME_ZONE=@@TIME_ZONE */;
/*!40103 SET TIME_ZONE='+00:00' */;
/*!40014 SET @OLD_UNIQUE_CHECKS=@@UNIQUE_CHECKS, UNIQUE_CHECKS=0 */;
/*!40014 SET @OLD_FOREIGN_KEY_CHECKS=@@FOREIGN_KEY_CHECKS, FOREIGN_KEY_CHECKS=0 */;
/*!40101 SET @OLD_SQL_MODE=@@SQL_MODE, SQL_MODE='NO_AUTO_VALUE_ON_ZERO' */;
/*!40111 SET @OLD_SQL_NOTES=@@SQL_NOTES, SQL_NOTES=0 */;

--
-- Table structure for table `adminuser`
--

DROP TABLE IF EXISTS `adminuser`;
/*!40101 SET @saved_cs_client     = @@character_set_client */;
/*!40101 SET character_set_client = utf8 */;
CREATE TABLE `adminuser` (
  `id` int(11) NOT NULL AUTO_INCREMENT,
  `name` varchar(45) NOT NULL,
  `surname` varchar(45) NOT NULL,
  `picture` blob,
  `email` varchar(45) DEFAULT NULL,
  `address` varchar(45) DEFAULT NULL,
  `phone` int(11) DEFAULT NULL,
  `creationtime` timestamp NOT NULL DEFAULT CURRENT_TIMESTAMP,
  `customerid` int(11) NOT NULL,
  PRIMARY KEY (`id`),
  KEY `custid` (`customerid`),
  CONSTRAINT `adminuser_ibfk_1` FOREIGN KEY (`customerid`) REFERENCES `customer` (`id`) ON DELETE CASCADE ON UPDATE CASCADE,
  CONSTRAINT `fk_adminuser_user1` FOREIGN KEY (`id`) REFERENCES `user` (`id`) ON DELETE CASCADE ON UPDATE CASCADE
) ENGINE=InnoDB AUTO_INCREMENT=63 DEFAULT CHARSET=utf8;
/*!40101 SET character_set_client = @saved_cs_client */;

--
-- Dumping data for table `adminuser`
--

LOCK TABLES `adminuser` WRITE;
/*!40000 ALTER TABLE `adminuser` DISABLE KEYS */;
INSERT INTO `adminuser` VALUES (40,'a','a','','f@c.x',NULL,123456,'2014-05-27 14:50:09',8),(42,'jhon','doe',NULL,'jhon@example.com','Some where in la Mancha',2147483647,'2014-05-27 18:14:42',6),(43,'jhon','doe',NULL,'jhon@example.com','Some where in la Mancha',2147483647,'2014-05-27 18:15:52',6),(44,'jhon','doe',NULL,'jhon@example.com','Some where in la Mancha',2147483647,'2014-05-27 18:15:57',6),(45,'jhon','doe',NULL,'jhon@example.com','Some where in la Mancha',2147483647,'2014-05-27 19:30:56',6),(46,'jhon','doe',NULL,'jhon@example.com','Some where in la Mancha',2147483647,'2014-05-27 19:31:28',6),(47,'jhon','doe',NULL,'jhon@example.com','Some where in la Mancha',2147483647,'2014-05-27 19:31:44',6),(48,'jhon','doe',NULL,'jhon@example.com','Some where in la Mancha',2147483647,'2014-05-27 19:31:53',6),(49,'jhon','doe',NULL,'jhon@example.com','Some where in la Mancha',2147483647,'2014-05-28 03:29:44',6),(50,'jhon','doe',NULL,'jhon@example.com','Some where in la Mancha',2147483647,'2014-05-28 03:34:47',6),(52,'jhon','doe',NULL,'jhon@example.com','Some where in la Mancha',2147483647,'2014-05-28 13:45:31',6),(53,'jhon','doe',NULL,'jhon@example.com','Some where in la Mancha',2147483647,'2014-05-28 13:46:09',6),(55,'jhon','doe',NULL,'jhon@example.com','Some where in la Mancha',2147483647,'2014-05-28 13:48:51',6),(56,'jhon','doe',NULL,'jhon@example.com','Some where in la Mancha',2147483647,'2014-05-28 13:49:07',6),(57,'jhon','doe',NULL,'jhon@example.com','Some where in la Mancha',2147483647,'2014-05-28 13:49:20',6),(58,'jhon','doe',NULL,'jhon@example.com','Some where in la Mancha',2147483647,'2014-05-28 13:50:07',6),(59,'test','a','','f@g.c',NULL,1,'2014-05-28 14:55:33',41),(60,'test','a','','f@a.c',NULL,1,'2014-05-28 14:56:58',8),(61,'c','1','','hola@gmail.com',NULL,1,'2014-05-28 15:02:34',8),(62,'d','d','','f@d.c',NULL,1,'2014-05-28 15:06:39',41);
/*!40000 ALTER TABLE `adminuser` ENABLE KEYS */;
UNLOCK TABLES;

--
-- Table structure for table `branch`
--

DROP TABLE IF EXISTS `branch`;
/*!40101 SET @saved_cs_client     = @@character_set_client */;
/*!40101 SET character_set_client = utf8 */;
CREATE TABLE `branch` (
  `id` int(11) NOT NULL AUTO_INCREMENT,
  `name` varchar(45) NOT NULL,
  `phone` int(11) DEFAULT NULL,
  `address` int(11) DEFAULT NULL,
  `email` varchar(45) DEFAULT NULL,
  `creationtime` timestamp NOT NULL DEFAULT CURRENT_TIMESTAMP,
  `customerid` int(11) NOT NULL,
  PRIMARY KEY (`id`),
  KEY `customer_fk_idx` (`customerid`),
  CONSTRAINT `customer_idx` FOREIGN KEY (`customerid`) REFERENCES `customer` (`id`) ON DELETE CASCADE ON UPDATE CASCADE
) ENGINE=InnoDB AUTO_INCREMENT=3 DEFAULT CHARSET=utf8;
/*!40101 SET character_set_client = @saved_cs_client */;

--
-- Dumping data for table `branch`
--

LOCK TABLES `branch` WRITE;
/*!40000 ALTER TABLE `branch` DISABLE KEYS */;
INSERT INTO `branch` VALUES (1,'s1',123,1,'','2014-05-30 23:14:32',8),(2,'pelle',123456,0,'pelle@gmail.com','2014-05-30 23:19:04',8);
/*!40000 ALTER TABLE `branch` ENABLE KEYS */;
UNLOCK TABLES;

--
-- Table structure for table `branchesperadmin`
--

DROP TABLE IF EXISTS `branchesperadmin`;
/*!40101 SET @saved_cs_client     = @@character_set_client */;
/*!40101 SET character_set_client = utf8 */;
CREATE TABLE `branchesperadmin` (
  `adminid` int(11) NOT NULL,
  `branchid` int(11) NOT NULL,
  `creationtime` timestamp NOT NULL DEFAULT CURRENT_TIMESTAMP,
  KEY `branchid` (`branchid`),
  KEY `adminid` (`adminid`),
  CONSTRAINT `branchesperadmin_ibfk_1` FOREIGN KEY (`branchid`) REFERENCES `branch` (`id`) ON DELETE CASCADE ON UPDATE CASCADE,
  CONSTRAINT `branchesperadmin_ibfk_2` FOREIGN KEY (`adminid`) REFERENCES `adminuser` (`id`) ON DELETE CASCADE ON UPDATE CASCADE
) ENGINE=InnoDB DEFAULT CHARSET=utf8;
/*!40101 SET character_set_client = @saved_cs_client */;

--
-- Dumping data for table `branchesperadmin`
--

LOCK TABLES `branchesperadmin` WRITE;
/*!40000 ALTER TABLE `branchesperadmin` DISABLE KEYS */;
/*!40000 ALTER TABLE `branchesperadmin` ENABLE KEYS */;
UNLOCK TABLES;

--
-- Table structure for table `customer`
--

DROP TABLE IF EXISTS `customer`;
/*!40101 SET @saved_cs_client     = @@character_set_client */;
/*!40101 SET character_set_client = utf8 */;
CREATE TABLE `customer` (
  `id` int(11) NOT NULL,
  `maxbranches` int(11) NOT NULL,
  `maxemployees` int(11) NOT NULL,
  PRIMARY KEY (`id`),
  CONSTRAINT `fk_customer_user1` FOREIGN KEY (`id`) REFERENCES `user` (`id`) ON DELETE NO ACTION ON UPDATE NO ACTION
) ENGINE=InnoDB DEFAULT CHARSET=utf8;
/*!40101 SET character_set_client = @saved_cs_client */;

--
-- Dumping data for table `customer`
--

LOCK TABLES `customer` WRITE;
/*!40000 ALTER TABLE `customer` DISABLE KEYS */;
INSERT INTO `customer` VALUES (6,4,200),(8,1,1),(41,1,1);
/*!40000 ALTER TABLE `customer` ENABLE KEYS */;
UNLOCK TABLES;

--
-- Table structure for table `employee`
--

DROP TABLE IF EXISTS `employee`;
/*!40101 SET @saved_cs_client     = @@character_set_client */;
/*!40101 SET character_set_client = utf8 */;
CREATE TABLE `employee` (
  `id` int(11) NOT NULL AUTO_INCREMENT,
  `creationtime` timestamp NOT NULL DEFAULT CURRENT_TIMESTAMP,
  `name` varchar(45) NOT NULL,
  `surname` varchar(45) DEFAULT NULL,
  `picture` blob,
  `customerid` int(11) NOT NULL,
  PRIMARY KEY (`id`),
  KEY `custid` (`customerid`),
  CONSTRAINT `employee_ibfk_1` FOREIGN KEY (`customerid`) REFERENCES `customer` (`id`) ON DELETE CASCADE ON UPDATE CASCADE
) ENGINE=InnoDB AUTO_INCREMENT=7 DEFAULT CHARSET=utf8;
/*!40101 SET character_set_client = @saved_cs_client */;

--
-- Dumping data for table `employee`
--

LOCK TABLES `employee` WRITE;
/*!40000 ALTER TABLE `employee` DISABLE KEYS */;
INSERT INTO `employee` VALUES (1,'2014-05-30 23:20:18','a','a',NULL,8),(2,'2014-05-30 23:22:26','3','3',NULL,8),(3,'2014-05-30 23:22:26','3','3',NULL,8),(4,'2014-05-30 23:22:28','3','3',NULL,8),(5,'2014-05-30 23:22:28','3','3',NULL,8),(6,'2014-05-30 23:22:28','3','3',NULL,8);
/*!40000 ALTER TABLE `employee` ENABLE KEYS */;
UNLOCK TABLES;

--
-- Table structure for table `user`
--

DROP TABLE IF EXISTS `user`;
/*!40101 SET @saved_cs_client     = @@character_set_client */;
/*!40101 SET character_set_client = utf8 */;
CREATE TABLE `user` (
  `id` int(11) NOT NULL AUTO_INCREMENT,
  `username` varchar(45) DEFAULT NULL,
  `passwd` varchar(45) DEFAULT NULL,
  PRIMARY KEY (`id`),
  UNIQUE KEY `username_UNIQUE` (`username`)
) ENGINE=InnoDB AUTO_INCREMENT=63 DEFAULT CHARSET=utf8;
/*!40101 SET character_set_client = @saved_cs_client */;

--
-- Dumping data for table `user`
--

LOCK TABLES `user` WRITE;
/*!40000 ALTER TABLE `user` DISABLE KEYS */;
INSERT INTO `user` VALUES (6,'boss','5b41ef64937f7b6fdbe9fd7239b320'),(8,'a','e3b0c44298fc1c149afbf4c8996fb9'),(40,'a81','e3b0c44298fc1c149afbf4c8996fb9'),(41,'b','e3b0c44298fc1c149afbf4c8996fb9'),(42,'user-4.145139246247709','316cde92ecfc406fe5aa84cd5b2d9a'),(43,'user-14.032287732698023','316cde92ecfc406fe5aa84cd5b2d9a'),(44,'user-56.65512294508517','316cde92ecfc406fe5aa84cd5b2d9a'),(45,'user-72.42412108462304','316cde92ecfc406fe5aa84cd5b2d9a'),(46,'user-63.54716250207275','316cde92ecfc406fe5aa84cd5b2d9a'),(47,'user-22.28811434470117','316cde92ecfc406fe5aa84cd5b2d9a'),(48,'user-26.67145838495344','316cde92ecfc406fe5aa84cd5b2d9a'),(49,'user-45.41892041452229','316cde92ecfc406fe5aa84cd5b2d9a'),(50,'user-88.3374072611332','316cde92ecfc406fe5aa84cd5b2d9a'),(52,'user-88.20104252081364','316cde92ecfc406fe5aa84cd5b2d9a'),(53,'user-7.9847336281090975','316cde92ecfc406fe5aa84cd5b2d9a'),(55,'user-29.350747168064117','316cde92ecfc406fe5aa84cd5b2d9a'),(56,'user-31.529689393937588','316cde92ecfc406fe5aa84cd5b2d9a'),(57,'user-43.60909601673484','316cde92ecfc406fe5aa84cd5b2d9a'),(58,'user-60.305710905231535','316cde92ecfc406fe5aa84cd5b2d9a'),(59,'b1','e3b0c44298fc1c149afbf4c8996fb9'),(60,'a1','e3b0c44298fc1c149afbf4c8996fb9'),(61,'c1','e3b0c44298fc1c149afbf4c8996fb9'),(62,'d','e3b0c44298fc1c149afbf4c8996fb9');
/*!40000 ALTER TABLE `user` ENABLE KEYS */;
UNLOCK TABLES;

--
-- Table structure for table `workingtime`
--

DROP TABLE IF EXISTS `workingtime`;
/*!40101 SET @saved_cs_client     = @@character_set_client */;
/*!40101 SET character_set_client = utf8 */;
CREATE TABLE `workingtime` (
  `id` int(11) NOT NULL AUTO_INCREMENT,
  `empid` int(11) NOT NULL,
  `checkinpic` mediumblob,
  `checkin` timestamp NULL DEFAULT CURRENT_TIMESTAMP ON UPDATE CURRENT_TIMESTAMP,
  `checkout` timestamp NULL DEFAULT NULL,
  `checkoutpic` mediumblob,
  `branchid` int(11) NOT NULL,
  PRIMARY KEY (`id`),
  KEY `empid` (`empid`),
  KEY `fk_workingtime_branch1_idx` (`branchid`),
  CONSTRAINT `fk_workingtime_branch1` FOREIGN KEY (`branchid`) REFERENCES `branch` (`id`) ON DELETE NO ACTION ON UPDATE NO ACTION,
  CONSTRAINT `workingtime_ibfk_1` FOREIGN KEY (`empid`) REFERENCES `employee` (`id`) ON DELETE CASCADE ON UPDATE CASCADE
) ENGINE=InnoDB AUTO_INCREMENT=6 DEFAULT CHARSET=utf8;
/*!40101 SET character_set_client = @saved_cs_client */;

--
-- Dumping data for table `workingtime`
--

LOCK TABLES `workingtime` WRITE;
/*!40000 ALTER TABLE `workingtime` DISABLE KEYS */;
INSERT INTO `workingtime` VALUES (5,1,'data:image/png;base64,iVBORw0KGgoAAAANSUhEUgAAAMgAAADICAYAAACtWK6eAAAgAElEQVR4Xky9i3Ylt7FtSW6SJfmMHv2ZPe6wniXJlmyfe/uv+7iKr15zTiTlsktF7p2JBAIRK1YEAsj773/4f95fnh7vbnevd6+vD3e397u7t/u7O364f727e7893t3vs/d9/7bfb3z+drt7u3u6e3+/3d3fvuz6Pru/vdy9PNzubm+Pu+Ftjdyvjbe719vD3Tf3X+9e1sbdy+Pa2gPu9/muuLu/v7vxd9e9rxf3a/lt373fr52Xp/22q2/77P19P/G/tbvr94R18e3ueXfc1mH6uQ7t06/7jvv33+fb3fvTy35+u3tYn+zR2/vd88Pd3cMLLb+t7Qf7wYju3vbzbX1eT5HD3cakEPjz/jo5TArvCGfP29g3mP20xtb+GttzFJiXIzOG+b6+3fYLv/oUZLa+vd+eHc0DnVq7jO9+stsP9pf77jdO5X7kwnWP7w93zxtLn+/pa/h+z32dLOgLz/H+/b1/3bMbpfP5iiyf6df6sLG97prHR+TANXs2bdGPze1E5xiQ1937y0QzmSjBfTE9Wc/Xx/Vjw79jFt6Q88PuQQ/2kMnp/f2T99LuuqIMudP5v73ePe/mG3qD/DbHTB8yeNlnjONx8uX6Z4X3tHaZg8mc+UZT9qyHfTah8bj9vueve4+vG+n68v66MU4vHtFX2n76smcgF3T84e6J+dlT6BqyeZgwX1/Wp43pjQYf98wffvrr++vDPkFh1uD7PcLYw9+e7h6V2Qb//pf98LzOrIG3FPm2mX1F2A/fzLBe7j7NOF7X4bfb05Tv3xNIPyPwGyPfwN4xnknqQ9E3uNc0ZxONom1Ae849o6TXz09O7PtG1+Tc3X3ZRD2+fZogn22Xyb897+KnXeH8bdJ3/dsmY+Jz4O97zm3tv6HwGBti2aQ877p7JnLCmjXdPSDUjWu3+uftdcCBob1+vXv4BGC8bsr4t+feT25M5fvXZ2X2PuN6f/12Srw+aQBMHEZE73elyJMhosDPm4lPM+hJpe9UEqQz5d81a+7IZ4Cwn5+nhJPo3cvT2p6SAhOC1+bufs9/Hcik5yjPl8l0CqpRTqZr7Ou+/nT37doGGKYsG+8t1Lt7WTu3yelhMtmwN93MHf3mfza7XjFe+rSJnwzupyDIRINbW6+bqwfGsWdrdNMhEOC2f98nVOYBELmpvMh9/dAowyLAhzll5gAHjBMDeQVgpti3jQEwpoP36AVGdObibc9xNrhu/X7hOQPYe54P/E8/GQ/6ALACsozqBpw+7rvnT/v538478yi487/vf/ru/QWr5y8fT5FfZkn3IDKKBkpO0ODVg5MHWjJ5eAEmgruY5CngOv82I7uBCD5pv+OBjsewgxuQ3WTC95+nTdbbFIOng/risgNAtvSDT1DaUEIF2oTwHSj3sGeC9gK36Nu/wICAbje5f589ro9TJv0UHgxE242NfBOR/eRpjkG+M8ncj5J5wQCEyTuGjSzf6K9IjpGg7PUpYdcfFFQw5kK0QTOgS3x4uRuuUb1zwDYSoNymiCjo6aq3iPsad0bVnwMUjrv5eVufGRdg9TYZMx5l5rBn8ngCFBPPKtrjlUFrno1y0SpKCqBME0R6notxpCfvNIY3GQIDXsgbo2FuH2c0L/sr01hfRDKAh9E11RqXxoIODRzwMDzvabqmgaB/9OVMqqDw+M3AqOtgKehu8mHMSl9A5r6XtfEomiD/p2nsjA9WsPuYI/r7iMEzleuLoK6B/PgdNjdleVDZdHMbBCr/iMQeQWro0OO8x+3uk9SIwU6ZVab9xsB3P+igckwZ1lWFSp/o4Nf98ICfRaFAVSaC7zYY2nOgCH3PAgXeh4j3L85MCIgiM+GDuvf5RtAFVQoIpjzjDvfPGOOeuuffmEUmFbScYWhYuG5Hm6fML+97OjPFxkU3VhQdT/F1fQWzJSm2gXt5vx/aBN16oztAYF4U1/+2vrwh7F2jtYucjyreG4ADwvJsDBsPB4rOL+CZJ2GBSI1EpiLWrqHPu09SBTIiM4x7cxAiNm/6jt2EMqpsoDLPYV4AwIHMm2i/+/c8jJuxoxx8/jZlwRAZO+NibtDHZzq/3x+lqcht18UGkwxzgZ6sHYztftdDwe8xBLzK2nl2XqOvuT16/o1oFLDUFzyS3pZZwAalYDM0+4P8GBfIJ1RPBmqZXp15Fx9z0psnDIxJmAcb3Xlg3Bj/y/rz+H73CXBGz9dHwHpq4ngBMwzlbWHB/Xc//DRPt27jNbDWGccDUwU6w9VmKg+762Vu7XVS+SRhP5x1vXmBmsDjJwAcOpxuPkj3h+1yb0g2wSz+cO4z8hnFJhAX/TiFg5Z92vXCCpNwG6VAOA7/0HyU8CDa0AtP8kjc8GmIhbHtO6jCaLWTLLBDmVCK9cVmL/4EhAJmoOme8bKxPUBb4Ku3GYZC4oZNorFGxkSMwsOYrFc5MQ5hlE8kZNzFIYAN3kDPOKoprUHj1ZkTZ0BfpuTIA7SAtr6jLFCbyQUFz6NwG9qOLNGvXacNAWzEfykDHsJxv0ItLuPs81fp5OR7aOeQRorz8vDp7psB0LPe4BsN/f0JSNszBGQAY0q7MWAA9XUKC+czVhi9RG7frP9y3M3LrgMLpXB6nTwmKK7DPECMB8IDarC0vHHpwRxbwPU6Og2gotxcj15Ji5AJnnHKTl/s2wEqujibcK4e/ge+SCz6b8ETAb4LvLjLUcHp/hOAM3CGjj18Zb6m7zP0h6f14bsfPg8YhfndiJuF714kfAoHLxUpggyCmygU1ryHz4oesN7sZh0gwPuiBdDBPcPAS8QSxadqGhiDwr1tFtAppoE+f10j3xIvTHhMAIbLhODB16+3FzzNJsvJuP7M0vfc9xkLKoorlWdKD0IuEXke5hk6R0xi/48Hw/2e2AP3DkozX9iuBAxejmrhqRAD3JhJnbxuUkBaw2fmGUFYlRhxEJeobkPYTaAeFjmKygEF/XsQ0aNEL5vw+41TGTMxGMbxCLJPjID7iDlIVygcqCmedr2ZLFAmjL8/pjr8HwmUr3hHEhF7xOsDQewMxXYBiK/FMd6qexbtpbMaYkAEgKg36gVeuiQAHjslZw7i/IDTCzJDzfYfCZOGnQw0dGkruiG6OU/FkjMGDAvWIaAhFj6bvKZ7yPntfXM/i3gifrZB6DBMaro8UHbMD9MRAAums0ZIc3zVy0xHZ2Sv6/8wIJ0kuJ4spNLf/fi3zc+/T8C2m/QBTAyGsYyJdAWBjWRNmOSiUPqXGZLcGhVygqIFGJn5qU3S9HiGQUbohNi6tBBUNFWJhGCREC4fcuLCUVSuC4WZLFox+FcJQB/aQEGvAAzDOkiK61WpuG73TZnuR3tCZbIZecGHafz9I7Rl10KRmCzijPVD3DMrs34uaH0YsuJRaVj3T1LjGGJ8E2MqKEdREDL9NPhUoU5QBJWE9kxWmBU0AYVm3GjgCzKHsgF0G+Mz3oXMDTSL+GuuH8WTU88DvQwRbyQf9AIBQ3Qvr3f4Xcoh/R2MjBEMZqKmg3uu9VJdXMqP17mZlZwBMZ+TG1z/AZqL/IxDvGnXotyAAUN7NnEDzcx5zEvq5jIOvR1D/ToZT0ned+2zNBSwnELvuy8bz4MBN5QRd/i89srJvZIF3Fj1Kpg//cT7KRcSD/M46zfU/H3GQ5y5TuOvpftQaY18BnWb93/Z9cQfs5N5pBI7oMETuvTjLz++P5vCjJuCJBgGaUj5IXQLdye1wIJnIFOMLzwTTwCdEMjggUAS7oonxYufhhgv0k59vkoHIoB+ZqHWLqzz/QtZH3MWogbPesJtY8UKpCzGHPp6xIzseqkTCn/1L4GpiKCos6UzVn+/kjrOXeXuUO6NhYDuyWvxKiQSUBK8MVmWTfoGiBc7fk8lfl+DxAFXxg2vIEWlL3ihoZvBLAPG32M493jWod9BSlBUzqRx8h8MJ6MBPY09hGyM43g8bAnaJtWNtqGj76Y/MW7ICp5AKA20NF4GSJxIP0252F/ixsvRoCAPKnIZJfkqMgNgMPaN4Q2PqeekH/KAfbaZg+pgZIca6rQPNSZ+vc0QmcN3sok63fVyhoFXfQWxsTWngL5Dx644cp/D9Z3D3etcTz8QEtdDw9QpekJ4gMdj8qCh+27z9kRWdvIh5sOElX+qYhKoOKrUcOEWiZjBx8Z5//nzT+/PoIj6ss6i2zSD8oAKU4638XBcGqi0nKpIJv4iEBsnvbcHeS1KTZ4fH4doYFDw7DzE4/zYC15mhgaTxJpBMT2PnmHCIX/P36XfnpZGdjkCmarei3n4l76cQNOQEtg56FmcAYqXLdPLaXqqzm6bdId+71gu3m3X4KRVWFDwuH7oE0E0GnO/xZOH3aNRaISMoYQCRgwy4nNAfiJE1ovK3NLn9cAYr2ycSubVyJzvUHgCXWIPPMdfQmH6yR+UaW1cDFzKNK8hjujphJ1DpIweVHLxVvu7vBvDDRhKSWNgapnyIjWObOnnS64WnjLqsd+Ju3b9CxRqaC13YN0LekUqdYqIrEq1ljpHzoVsGOmUDmDG+I53R/YoKBlCRIIOPkvbtP0/jZ8RzUjQCcYDQF5xxO32P8Iu3hwjk6YxPsAGcAbA1VJmYWNZ89DwGzHUyIBUiiWBkzGMymaMr1s+uP/+h+8WzkOqWHJb/IBVkxrDm+AaRz/IWTMwgyzWKjbpBEU87YUFJGQOj4b+gMLwT4xo9xlvTAFuzwSFBOYkAlI6ZOHCDbHPuq3Ok71aoISRwqk/sVgDV8PlmsmJr9sG8wraE+ga5GaE5PFZeFSDeP76i7eTv89oGKl9XYJBMKB/ux/UQoFQRmbTfNcC9kWBeRqzmlE9aIFxm96gRTsQ+JH8vpmQWD/Kh9qUPSN9y2TDv8kWHT4sbYzaMEICU9n7+5IFpD7Ud9RAgekAMQLWqV54PlkkA/+ULITkFwbMghxefiguX8eTZZjQYgJ1mz0KafgpKh+wmCEaF2ASPp7/ZIQYtPEZQECjGBxKjjT0NMSLKGiMBKNnLl1Lk1FcXon+Mh9kQSdD5LJWaBcAfdwzX3Y/9Cdv2pIoAOJ6ic9ecwDMrn2EdvKBvHnredM9zIqUsx5VeoUu8/3+/7XMJyuHt2fiD7zm9JTkww+sgzwS6KGAe+inDXrcEOGZUpMOcUOT4EBMh5L2XQeH8gpNOjI+pwfis91DsMVEgpIs4QaZ68iyOs8FkQhPwbg+MYZv+oXrUGOUbwJa7OPaBTl7U4VlR17nhUzjkorVGKGwEyTo9VwWxBSiHHXzRfZiBp+Xiy9jdAazZ8Gs0DoAIDB9kgbSH9AnmnMz1Vt8xET7LziNEU4AMMxiExQZyrCfyZLguo1fUmrB5OXbDJKxrG/QVNZeSLVreC+Lm9YODNq1CFQX1DuxFs/QKIwBZEQat0H8+TdEPors1yQ+GMiAES8oPJFqz5PdTir4y8Zgah76LKChXPycFwyp84WPABMLoKyB8CEeRhDl5wwu6oeCAGQL3BfTkEGSDrHwbAyXv38dMLnA6F1LcdCNdRmQ/vAu0HEymYyVCo1VTeD1o3sstmI80CYWhaF59IUYcpkxAGfgzgAAV6mq2SgAYDJHPwDvH378XscK3wZVv2IoW5We/eoFzJWzZC83NpelcqCwT6KuREnezT2GH/BaUGYPB1mJUchevMCZi0qdJDGavPn+fZ3lqmjSGBR3k6YCvdx981//lQGgvBosncI1k/4jFpjTBW0OCVEOxDgzLOkS38GNaQEjwq2jCBp8k8dEvWDkZmk3bhG5yeUvxn79IaEAkkfcWlORGEB/oUqAM5ccI2TSH1itVg1RjqgMPF90RZ3sxyRsFoj5ECU0BNBPxkNqVuVCp6J19APEfWE8jg39yzubXBGFj4vQ1FJ0+T6/khwwYt7vmyiyTWYP8WU8dEBDnHCH4mNwcHb7BDXc7ThSdAMKxkyS0DDVBGASB5ZmJ1UsMp9EjT3BU4w9oDmCi2MEnLi0PkIrMFhljhfCEHRlye32aVeZVo5ZAOAAEYvOxGS2suc+E0uRLNkcs06FAZDYIDIBwEqRz9ucWAS91cF8/9P38zhIMR7rf+dqqCbAi4CW+oSjdLrzY11c7IOcCK4NHZksciW5elxsSkYgxV8MhqD/hbZVfBqfkHRZBLGlNVnw+gQNYPFXYZU1UzmZHAxeukNXj8XLaVMsA3wNuuBRj0vK+dyja3bdgDgiA+C5ZG/4HD6rmnLfoVGCDAaAAqkozCozGmq64q7CMTXd7zfMqcoFZz+r1Lh6kw8ATfLDkOgr7WIArn5rhtEH4j7EiYzoV38CG2ELwZws/bXmk0IdysePjqmMol6HBASYY5oU74bRuwTZ3Eg3mfcU60rPughJbp5ZwKiHyMiMWipomezN6crTGpeQrlUGUUVr+ExJF9MhWZYNGL8lJ6JB3pk/ll4hF7W3wAUdIyZFz0hIuFivh+P5J2olTFB2yVaSKqji6dARjAMvEvMADJjH++9//nkGv8CX7ILP3l3zZdARlQ5loOBQ144CLOQmjgj/zUUbg2gteKAQRc5PzZpDRhIIAdSDaoR6X1+/HOpUmMmi4x0r0E7+Un9r7P/+r//LGiQ7juCOwZ182EEZ9DPkdjLV6MYi3z7jInsDmsSbdRVOOiUHZpdEjRINKCp/NED5SuOvTFCo6xkM+6A5c/m0NaAXkZOxHmqKoqgErMBjnid5wecEqNDZ2zcCDYCkoqjoIbGuPtDUReQByOIBNqArnP94PL+/PFbrBGKb/x6Fm0cwFY8SkBkkjYociMmuFO8ZPQp8JSEK+HFTyJV0a23CJoMuoWftVmsWmtOv1lmoPHt1HvFaBdKgOuMzGSJXLOFjWQ1BPHOPDvKr9Od4/UQjpZKl5Bw17HI1J2Pl9+kO9WvERIK862vHk3AfLBuDh6IJ5I1pMcjPu69g1eX2GcZixHg7NEkk2E2buC/khkVJ4pW5dVykgStjq+wCS3zbYtOTAcEZs8JwbCo4ZSVYFfToCzlpFgIV6hcTC/B+Ee3L/d23//VpiYNdP6JpYYCTsy/jYUqF+i5jkzPhKKNKJwctk5MbwBjwhrljwdEMDLSg9GPrVLldgzql3jidsMmKMTA8AnVrrEAsJAjCL+PzRqDOxIO2J4X+oegU6tnYZhylRiRMxQJQMjVOK94Ka8DwevB59saCTOk4VCG/Yj/g4iL+LgUo8W7x7MamuzVDd7Jwzg8yYZ2GRdAFz0gf2e1/z9JWqgW2/mBchBGBzABczb2Spbw8NuNQx0vKZF8YYOO7YhCAFqMolmXtBjpLqRDrQFuzgC4RiK8JFzL1Pimy7a1fkPIXKnPXJ5IPeLIHF4SbYyt0nbs1sLnBwDHQu1FuZBcI0X6AS+xkRbQLyJUbYeT3K4XRQN635K4w779V+Wn4fR0pw8zIdzGlJluup9P09Z56likhWRsLzbhHqy7DYSkxf89qs9RiD3+1bJrAqGCPuLnYaMKhBszUa5P/Dc/dCicpPKxb3IOKKHvUgWdmiJSKwE8fSEPrEeh4Lpj+fGR1jkryDOMkeLEVxoy1iZHC0btlkfTkEyyKqV6ymIXxKejEY3R2uLI/441VAtoRzgqMwzr7Kypi9KZaT3DMYp9emck+yOxyPtYIpVub5M2XHYLC0i+6QH2aEYmLE42X/z+gaCxGQkMEdujEoW+Xt+VClW+ydeGPNWnWYI4BI4v3lWlAj0xXnaQK8wCgDNyeybYBGqD//nX5xLEi48NMoD4Y1ZF/5TIYLM/Ude5aqiF2zaqVzTIt/qFcfQgpNcYAKDPR+RMTrTVS4jdpG6yAQcJ8Zuz7Pj2tXQ0QGV3ZQpYRztLE875/pIJgpU5YknQbtCSL++PnFSuy4rjKSAMNE9XoCJkF4oTFAfBKSowft+K+SXoi4LSsYwgibBQMoVRO0HGtBnOWL3APaACq4yNiEFg2KJSpzHvtencAqJQniBap9aUqfnsmQC8yFmWIMBLv0QsRCKNUaNIpQsMYECDKRDLCdlqZsq96pUO7tIMWLOHG9oxsD6gDP16/nGSU9VCrR2MckB/0guLZcEGwylnNFW6IVHoTjdiuIDEq5BiloJTOwKcwLyZj9+PZ4etbzTcIvbylhm76IpqFPBg5FmisCNgVcJ6QSjoqtVdCyIjU6ACP6acbgkNePH1iHQTViLvjiaREGrorJ4KE62NQYAEO2lPALhACwBegHPDMQ9JPuhrIAjQuJB8QbXkjsyKbSqeUErqsKrCyT0IGL4RmYWTTIvqIDJYJa8lC12t94T0GaH9YtacMZvLfphOzgwNYjJzkkaD23ef/NbCCM/PwXKT0wEU/NcrFPipSyU0jsGLQw9ePeE4gIhpU8EfAjtKWbWmCzqzIvVtrCfmO+0Qd3maozja0D8VyuvZc4oWTNIDWqE8H+VW4EMZncL0RGLN6FNNxxUctUTiTEM3QCvPpIMeE5uIRwHEMlvZJwMGdyxKlFmICiotKwMsPQt5YjKEfUCExxACiftEqlACagZPTA2TkcRK8TsrVhxkcSqevwDMd/o8xoratK9D+8aoGBqXMpRNrx4JFvWpGdPL4x1iOUuZ/VERoCeUsQR85uP1rHHkqax17lEuPB21+/x8BpmqB5gCGIWZJd0+ywSCY+Ikyi8NWWD+DbivXrmud5lBPZXeynCwu0xfjGMaHEadP5oNZu2Lc0vH9OOv5Onlsyc84BaoJFNhFDJM1FoAW4Pab+nD/w+dtmFo1LfUgjyyO8OVm9Fn0OTl+avPJEohOBhyW4kpboFD0YfcT+JihclJQKegXBJ01BDg9G3dw35/KVATE6gRXcy/Vpfe6OSaGhbIQo4pQfoLOoEhXbmzfHQ5pachBPWkVtVNr69QFXlMvCNAPVoFBCtOkXG+RIsItbpFOmd2jq6Gd/9O4yJThqPYvCY1jnAyrtCvxyYkDrlIAvBAlGxoCAJOBRwH1KWYBTafqvQItjcAVfygF3qpiSQ1GSozBsuiG1y++celSz0iKkzmNd7fomzEnRqhc47FbQjUKzzwFCPaTTusVK10fpGrgyM1qWBR0n21fmV5ab+Ju1Mya72H1ZOtMOvD9xoo3B4asEwNRX0fjNRjRulhqYMJiIW0iPxWe0nF0TeDIYK9Kaw1Tb1LxqLs/9VQwgXSYquUH5k7zx9Ap09+oXsZwtsP2/oXU8zT4+1/+OnAmZ4x7beMMZQFQHbMeBMBsWwXJWGARjaAxCK8ycbc3OCFoh9CkG2Y/xztbOkVzIIRgFNSkiI821T0zB8yGHHp0yvJ50ofEEwjR0hRmhD4QKIuv1X5hnKAIyt6Up8gHfEF012ZwuYdu5Oqv4I+Am8pcpX2UEkgi6TAZMDba8vEYObFH7VuEyOoPXhaFFRWPVxFt8R54omIF/krRABsNjQCfMeIdWenmYaeEnS6IbQFR5T2sHBebACLGY3LzAMw/Ukz2iYSqKEaVt0zwfmWjkYtnI8jcsziIzyq5OJvCGO+V7TsequInOM1ijimWlb14wRkcY//q1lq8SR7aZQEWi5Vzk0EQ7ByzhxaoNq5kQfb0k7jDCmXuglqGdtXctQrXBrE2jxFDwJnQPZ5lXZ8BChW86FEeSLCefpVgoCoC2aNBByhgBdsi8Pr0yYSE8Y9d2vV//eWHoy6FH+0xwLdiTciNzq7IDgQiTcfNmnDzoVuT1+MeySPj9vJCLgFNcN9IxjF8JvnQkaNM0AV4LEZAmbZ5cq5ah58XaCEUwIK7ceeWsUg/yjxoICgbwa5cI7RHsHBmWij/nZGF05V+XJUBunHKy1WkEzswsXJYns1kFvRpmIcOMVYULc8C0hLespgHQkIVMDhKR9ZX+n0yWG1lhZLQx2qUXNiifOVktuLaBbi1R8/xnidDc/Zd0yN36mFbZu4wolKkUilQH68NgIDIh9qereKOGY+UU7sQ9dSgoVT0w+eHytgSRvtNtmLlABIXh0+C4IFULjQbT+F6RFk5Y9IptBEYNjl5SWWN/5ScnimggR7mXykxoWARoHHdiFS5z2ZeMJRltIhZR89f0B/ZD2BdvwE/1+PUg92DUbHOZyBMexsTQbsxwcnqXbVdP/z8w4oVUxgPQgC1eAC0x1hi/24yKIP/dmUPX9e4e2W01JSHeIU9C88TxidcpYOWDaY8BsWbBGsDaXAWvZVz666ILfYRe4uJF8qH82yEhp4TQNIOmHhcpC6XFVVoByXSB13xLlKStT+Uy+sJqxrdx8LZFT+ccm1d/glozeFjBHoK5pGHY4go3PE6oLL0g/9krHhdJrocPoi/e9gnDnDk2AQfuuO+D5VqlATl4Od998jGJVHXi+P1Z8INiLlXBhU1A4C8DlZo6ojVbScnGsN3rGGx1wGxQokIYKeGFhkezo4H09NgoD6XUbc1V5r10R+UFCNEHPm3iwYWa21U0pubqfrnfUY4EL2BxR85r9vPU0A3lQGu7m4i5q1erxo6PBYegDIiQGY/p7/sv6w8foNCdx+l98i8mKt4Eg+OEeLhYx3tqjQ7ZKWGHtjsFvPDASE9Fttg8hnr/Xe/zYM0zyqJQnEhh06SFsQ12ldM291bUKlHA+UQRiRch58hZiADvHBpK4JP07PI/5xaQq/ZgYb7IxY4GhzPVug9L8qEIuQNmuxilkrgC7gduPFMaUbtIX1U0XmeDkwOi/GwNoBhctFRJPBf2phQe+aRtdfpRjIcG4/zm5VCH+XmQqLJBIM7IOoYq7z+9CE3l8W4kAZGIkO9d15NogeTuO5jpZ8+riG3ElMNYCo7usXNrCG4BwXDYcxSsjD4oghmgaEOBzgYL3I3VU4bjiUa5+krV8qB/jnmdKRKb/S+RETBQO1SqsIYCe7dGQgzUL7HcwRVytpyfozTdayM7xlFv+YC7+Gc0b/16dApawbVSXSAxdcZAf13pNFXn81+D5OAbYgSBEgDW4aS7rQ8gQtpF5SbpJirGRAMZDFIBkLKlA9JnVnINgU3XbbS5imZqwkAACAASURBVEovEualFLpIuOYe8eSpGa2i85mb5GGJBlVnCywIgmEi4IMkxiQ0mc7ZB+uhrslgyB8ZDJQH627dIovWakMxFE5FS7Pb6HT47/EejDuALSgMruDwLLTRAaSJIHH0PCKDsxSHStTjFaV2Kmd5f4oms5tS1FkRHiVKUHBIgB0dw8jZ1mwsYdDK53kEE+YC7olpDr3RECyZR7HErkPhooWUpxC7qYiCyLwxtPEYt9uq+VzFTpmRmoBFp09Wx30sdgBERpB5OwpCPeDBZATNVijYeQQZT8UHpItZYzjZK9vdWC14Xd9Qs2UNjA+I6f7Dy1t/tXasGi/YzXljwOsLWTS4ZHUAID/yDkTzuulEhk+fW7S1eHXw7aY+AvRVDJS6Z4xQ0P2rRW09cIPAlky7Yyzf/7o96TzMVOUUmyNQRH5cLMFfHXTCFA5rD6Qpq9p8Hk0hfpBjH9Rlr7AIdISrB6FkQZ5w1kkoIGbUWwxiT7oBtxtryvzYOdENw2ChUpK9hhjYfn6qKhdKo0GY3YBzro8kCA51oSxGTyMyEwcwkrNyivAINNNonyVrItUoivE5gsdowkqDRjJFTIBJDahUBnNlecrt52HKtrHOsa/PfZ4D5jhAbDwnDBVeXeUpsqMJCwXI8ZjwaPHLFC/UV2UH2eszXtlME2BA+xj2tg3AcewjiiDNwMulTIzOxUddh3kvCxb1BlYXJFuNSENubehYsPLwoA+MD6+vjFrdp20zg3TJ/jP+KCp91G71Csd7W8HMSv4SRNt/xGk37Kw07XpiCHYHvpP+B6/2DDOHekrSs8RhefLn6S7U7nW67METDIFttRzd5Frf8YBXIolYbx9/2u9f8ToYGfE0/fx+FIsFPDrkSvcusFaMLZYEhUGVk2l+WwWu5MSYh4EcGzZUU7Epx8iyRWZSlqs1AoUfVlpfLBISQaXMQvFQBjtrcoX8uDwzU6INaLXfzHLNkC0RKcUkOmGEGgLPzQs5QPPhBat4CJDNXWwaUqh2zTkMFsF7egdBn64fBYW+ZCTaiAacUUitzC5dlaugJ2ERHgYZcR9cvmdhTJN2HvlQi+iVmmRMJSAAaCrboj/GhNEagOQVW1fZdxi5dAWjZ6jFAcR9XGdSSCNC+e/vviA/6SxGWVUCWmwAjSZ5LyM8iRDTrE60mTH3nJ/YxyQScyXOLSbAAKTG/3Gkk+qDClNFEV2Q5krPi8n+U5Ym4+RPZcUkTnr8Avo8D7hDsHC8IRKQVhLD4fGnu8zBJoJts29WfHg5reUVp3N4KiMPtkBwhhafU20AoIkZm9//9fn73bH9yXoAhIG1rROfdsAYgfQ+d/0Da0ap8AQq38I4JpnyYHfIplBYvRklhQL9QBcYJBursMpjDIpGv6QyLcGmYTaIMhuk5DykTOJxlIh4BA5Ov4ydMdezkERZBQEpM81CHfroCivojvegFRCaPdKV8LO1pnUVZp9+Ri0MwElTE7WdNDTc9WVpWWyBzrqG4Iat3LHJSTbZyA5aGzgRhckHpxukY2GW4JsyHe8nrQ0IAQYlCZiLdmMCLsx6uz2v4j+0JJM6nipVPwrIP9HeNxETYyTvz4p860fEMMR85j5QkgtEkN6hkhlDfN6Mn4iNJ2De8g5WXnM9g9YoWbNBqs2a/gLWYZaRMhTWJmqnRdOCdeuI9xwPd3AsVVjonWjT45fw6ulL26rJUrd2V9WD+Zr9e+Ix5xdD5O/uRy0mS70Ta3Y7xMNDQNl7s6wpc0aY8DTPo8YBgH/97UfVlrvBpJW9uJnfHbwYAjNn1gS3w3hw/5gngmVx51jbPsPl69ByNwqQmKEKu9K70RmoBJyb67iw+EeG4Eonc3YU2asOfZPP7yKyQwoyhdB4MRIV3J7GLaU6+DdoIY/CnctbmJcDP1AQguKDzPaygD2Fy2QNxPcsd5rxPUBC390NicdqUcwuyoMdcivFeoRQ3d2PGKk6gIcrZrDSTPnRrShc21MlPrWBQiKNU4pOENkxpaGxzt6zlPKYLSbimIVDhaWjkJolvE4sRIhlujt7oLFKgZUNpUZR3I4YBTi4h5vUo9gAd8hEOpYHCmQu6gJNPILG7igyAMdef2nHGwgUMUhhuNUtExbSLX5gTOmFnpFpQF+hifSFsqjJqK221RhbT8dYHTP6Db1GFlB+rmLtBNlGDwuON94ffvtp9I3FGugA7hLMYP3iWJ/wSuaH2cYdLUVI7lh6kMtUz1EwVml9CApYEOy2VoTucBhhbviRkuutWlZmUvaoDMmxGe4ArRAeaTn6TF6e6zS6HtwhBAgXXn/8j4tEtJUQNWQUVfFAN1qXwAb8WGM4xieXLiHgFKKELSnbIZXNcRfnmMN3qh3AaYY+5wXppuTVeSVILZA3XQpI6JGZcFAWsDkb01QY5PZnVsmYA2Qi04jiIjfGYJB56ItVDwSonVKJ/FpXSAE8PNUEBiCS6zRVzghIuaOYepCoXjJkaFEuV/gJplGkK0bRVnbf6LFbkaWXzI0opMwvGl1xqlFm8aIGAu4Fwv6fQFz2sL6zm9Q1lcbtXMFU8ADMGTQWKRlblnjmaFq3EdC2NBocg/YDMtYTt63XeV7bo/1PZ0Oda4C0KNvYmH789efpGAtIUCVQkA60cabCYpRinZO3t9RX5oV7yOIcxMaTGJjTbsTCUyK4lwk6xwKRCv7E4Je7NhYAeQ51c9ch4txn35wM2J8HKMCTUfoU0407KB8LeGdALmapFAxwB96JyqBxiOASI302LuE5JBuaXL6TcjlReAq8VEZlYIpc0n/bgkZoKMrnSg+zqHU8JU5RxTwIaswD0Bwwx0OaOUkJjROQhSu+ZZIc10kAlOMHromhWM/IrAu+iYABoykAWShHg7c83oA4C2My88T1UEG814p51qdHQADUHh0DFLyXs83oP7GgiJ4xoVCVrJcJ5AxcS3f0zgBGi5Wq0Z5PiQh2yPlbnIrikGUHeQEzbxyOgKSHVig+4oANMBGer+XahVPrfdeCJzHlA7qEeiKz49U40KHL9+D1/WmyYfXfsU3PoZnQRNZqrBbmQc4V9VzE3tzPmXADp59//REWuU7ugu0V94gYBk3w58oMvLAjU3i+22ZxSyJu8dTToS50yqFyIgTdIVZY7zn9UN0lQOUQCLIrTPBH6hitQVeiP+2jqKY21CgTpDIMDtznfgLHscYpcltSQWXpht5LYmXpgfvWz9TbaX8GVfA+UMlSlihqBpMiQD3cd8+4JnQVwweJUyKQrp7c+uRinPHKZhpmsf4CLtxjkgC7xPAs6Sdh0JmxlGeb7hQREQTJEYCDrsKi7dRB5tLN/qF0Ak8uf5xZEP9MLp2nTFGfpj4lGizppTEiTo2EKqWU1MqZiPt0DORkbwzJASIMU0BF0Vsfy1ZK47ceAbAxTgAW3UDCeVmPLWJ1+ngVKRCBvHSY60hnYmTFMiF4G8Guw/VMgG8osBpoY/EO8qYObOcgaKzpqJST01cwc1PeGMiM6JszTpM1zUM0kp+R/zlfGtYjUE1Gk8n9TzMQarGkMzvs6mV7fMk03W23n3ujOXCLgf8b5FqLrg0NeSY39JmsAWXNHvarp1gAyoEM8E6c5u41OEWZQBWXKvkMJYw/N6llfPjcEoUjwNAsxfHISawaVw+A6yLPJO5gVUyHGqW4E31HmGU7rjOoROuT80/JKt4zVYhgoEwUA3IyvRmTDmKmzsDFLEdlCZNhGJkoFJXaMhDsib7hkex/2TQv4S5SmkJo+/2vDT5WvlrGvxViDASDNh8fpWKfhoWcKArOjEwLO+0QAkZoUHnOBpDuMOCNf5TndSd6tIxQDGS5Dvi0gMPk/cc8VWKB0uSJ83jaOiAjohwldb4Y01nD+Yhpgh/BM0WJyjMKKVB79y3ZOwyBSsr2YmFIPJtrNx94ZeuiwAU24XXayAMlNrTHvNN3N+11+qf1bHqwK8bJa7jeT6Zqp5fgpjkhE8lao6U+gEZ5LMFMYGQR0xhkFAvu5oiZ6MNNSb+qZNubQNZliscuwc6Ciu2VTjxcf6O+eewKWTP4MwJGRnHF67zGyksK7MugYOlHIKYjMaSOboHhEPuI4lIrlO6gtzu3nMcTdB60PnsGrnocvJKHPKAkukCJ1kfBoLrQ3Ki07KBja6gfKMbFSdAjB4OX4r9RsvZ69yEu3jNra+4//pxO2hb77k/WCSUD+Elxe0/GbsUuyiPtC33bFlywStoFZe2kfZ7fMUofwbMaiXIlD6iKCGspxn+uZh/n7PUlF1yvNw50U7FrEK8wizPi1FjVKlC/9vJv/JwfQAvm4PBqMMKcSHScMfIQxYi3iiq6G/TIGus0D8T3esxjbo7V/KdU0a0U6h2ZuMDUNk/a2Gc1oTnl01TrQwEJh1oLnoI3hm5q0k5nLwDzQPL7v/3y/rhg2R1kHm8NZQDtGOhxEwRCBmTw/QLPNOq0WTpAZMCb+F4NBiXfXjEAtAivAOZYBLl92wq51BqD6RgaOlpMwcIfhXzuZaZPfLdvrFOd0XC4HHPA8zjkuj9I4kpXF3S68i9HdnUlgezvy/g2aWpVBirhd1Gm2xaqFLmxDmhVKriJwGNlrNIn75IEmUmCFlDd6gFxOQ0/c2cd6Lc2Oq0dWYCpHLmJbEoJW+pBUZ7VdATFaxmWI9FGKc6qfHCrB0k/eJ4rWe3oY66t9I3SqPgE8Mwpn1k1wHAyT+ni8eaAlBhrxokBBCoaBUrGOKYrZLaMMVipVitPavZCLilOnpFss6lz4lrAFP2QUmEOJQ7a4oxXJDFBr84iLw7xMizpvflWY1hiJfr7uIVG/Gin3gM+kzm6BqU0TsM9QHWRKU8xcFGPZSzMh86dsW/ZYfrHjtl5kF9n4BwigJW2gszzUXLt92wi8pia7cTynCSzHaTO5mE8HKy9ACq7lp8D1g2CdngGF7pQ2oMO3LuJ8yhRszAhEwouzdplLqxZPIi3ovMH4awwziuSUDD4ZUL1x9E5gi/5qm/5QYlYredncypO6hXUdxj3PKWaiACjHtlcqWmrTj+gKA9CB9oJCD9HWTZJU5wyfLrHEy80Nv7HkNwbwdYBkNB4oFV7DNHm5NJ5DlDGdZ6L2x9PWufScUBAAqpiNzZPmCEysO7oBKiAiS8lAjTKNlVacZIqrhDH2zUsfvYHYgs+L6D1aFBPVC++48RJwyrTz1DlWEinazJxZKQCk/qCggdcALNI7jIA4MxcFEPKRo+3ud8eDeMnI35Ao0DcI5egnJ6FxUo770Ip0ePxReuDuyH5zviGg+joJ0DEAzjLDSCQRC+3s/W/VWkIhSStftw6CFMiypCCHNfTxfB2IngftrYbQAHzy274wa2dMjj2mLP9llaIRXCB6akuzkwfxqrA8VCl1+S/m1aL2xAk+8nHE5c7cZW+Hqakrh94GsXFffM6eS1cNYaHTENCTJu0dUF+QaNBIdkVDNcsDLeD1Iy+WKGgLe/gc1GCjeeLNUg7vEDegFDXCnQMgXopiQGyLUw0rrqAv5cMMXAMJs+cKTO0Q4Us6z6p2Y1TUzkKH9LTt4xOp8AiHPLbYcItUgY4BZ0YiAsJJ60Mkykl/LixlBo+FbosBp/sVChfFq39EzSZIZDxIzgOMIpJqi/L+8rwzV6WHHDrgprdG7ZotN2FyUBpETTvWoAQ7+TnpzqzUzeZGyg0BbOoHgB5QNkPuIe4DOPavG6/Egpo6T26MJ1UF+TDZQtvxKhk8Xhz2vrmoYDSL8AY4N1YWFzm/XzfnpJ6xvfDL9+vrbOwwyKT7oPyitJ1kZoTfzBQqANrDgdl4Oy3PU1rZmB0yZQqeiIuqjC+KCddKRN03D56wp4SAlJqjV8o3DqLhlcA2fstpvDW7ZRKNhlJag+6NfjyFBXoxp5npbHGsr+UpDDQ3UOuXGXFxR8jKCXDEk8VqK4p8C99krcD0BBCZNA2VPcqaPEpJWP1pBf6dCmEao/SndIZULpH+ceShhNXkHoMWUmCY1MYFunP3c8edGkFUiQrh3EaBRyjSKhMsihhmrj1HveEQ6kEieaWZzg1vAeDxTOVnL4h1Hg9ICjJSp/RMcdilbbXnIlc0wAc13WUa/vCrY/TqwKQ+5KKgdNfvWh+QZA1dS+t11nWB/SOWItnM/djLjfK41FonIv3AJgcWHcF3dwL1bMzGpXANy/gayHISgHJvLNQNTiJEueaeAojZtL2H1LCGur6wUJhmh098gQ6lAdXT0MGlhzY0IB0oQY17BDBSneRCofmtAgGVTCbsO/hxIEoXqAjQmnFeMIV8RblzCRpPQX6bt7CVjUGBAWaar5nkUtTbCGICTTA3wV4N911+KaDMksCSlOigh2WZCjQEwyjSsrh8Gxrck5OX1AufsBbFqR2f4uBKLSRk010YHKdtn/EMPxPLt9jSt/mYeorygwvT2WlqiiJm29Ac1awmZCyLFXjIhRoMd6fRs+CqIaHPHIw6f6heVpzHo7bPdUFusXwMW6mCZiRdvY8N4v5ady+gyAQbI0b0Hr/n3oUiyBL6fJK28Rpl9swUAzoGF/FnVmjCQWnsUoAgIf1CH/39W7Nj/4UXZNeX8DA/GChu4Y9InheqDSzbRKJ1HdbMornjpKhx9SSQRExWkku6yAb8fe/f7e5Jo02d/qxYWkKJtehyIt3N6Cx5PjngdY5EEJrt+HqVjSUXkeqoHS993+ZAXAoHdcwsQ3YlXEEj7BPPZdzL+KcBTjQYIt9VeOWOyFwR1HcoisXV6PPJB4jtAdxz04ADNUtOREB2W9MesyocvNCCQIGHf2yygMayX4WnkkbBLC7muI+e6OXIA0I0kE1MtJWmJvrYpRdexnjfucU/U4GCblbht1TiKO8x2X9+iVmb++++UuyPdC3Mly2LQiEtK4i99CCYonafva4nFN+roc+scExLobWXhakxELpJt0yjXpyjcPfztxIQy8wC7qUz9H10qR6tD4HRDqBseOHLAfif74eYpJjIVIjPIbnCjcAGTL2PsiKf5Clm/Po8NlBKmvjdqp1Af9TChRoFn8h56IK7sVSj9ciDlbveCnpObgEMJVykfTYv9/9/teNZ5tOiOKhEGvKI1MoHd7Fn/YAVlvptS+SMZ2ARMlE9FY9DwRg2jAccebUMuHeqcvzXR6tK5SVgl+yVZIrmWjOQaqWSbQUOXgGyQPWaNY62zgtDgQgMq5msGtdZKIPBw0te2BSoRTb0wLdcD8BBiC/RVgn+FRhQFMQiMljHaS1IYslmSSMy+C94kl47SPy2L28TMj3gxhcr30qZmHYeB21kJ4R7+B5oCQkLNhNOEq5djTc/c9EiNy8TFXeLQ8rdYIKE+fRA5UUZcxTq6rloEPMrEVlKCYmmcKaAc9n7HnEjx17qBC4o4uNFp88g3OLrC9a+uLbr45taNmgQiCmB5YuckvxjLayxq6ziCtwPKvWp9LCxeHJ/8spOtw5k8ZPLgqvBd9Wdah7Bscjo4Ta1+aYanHT2cQjTDQK7O5EEgwIAUCJrNbBwPOFVf4vAwfas0r6yJcnf/e3vf6A8sSDRJRXS1CQ0/4lM/J1N5bTQoDw/lKYvK/w2Vw77x6MFsS0ZmZDBkoYzNE7IXDF1jRMh5uo6I15KrfZjpDa1W2ewc9fez+2k2+f2jOCK5bW6PKZaO7js4LNsmW74Yl1jBbaCgA3qnk6HwexwXvoBfJQbhHFW/LmI5TfqyZ4UEfj7tnVQZXBI3mhGhDvkM3BFElBMgk+CHmkwMZDVBqQ7SKQJf+BeFSiUO56I5Vyo49WNmRCzu36IlU76wFhBdTj2MjHpiea81gEgU0F1hSjaKr0Ue7SvOhMxsDRs09nj7vX7GNkVAFrw+rNUxJRp4cttlZfOBYhXK7cYjACmLcjWyTKI7dDtYgPABMSMfOUeMTHeb8XDjLHS/PORTc+nUyfCRsygVHrtD0q5bOI0eiGneSrqh7068qY79CnIxH6zGF8SwuXWGBs6NSo5fd//9koi6PmWbNI8q14skgX26tzvOiRBRYmzBiCJX1jAIarWAymfE8DPzvthWSUW7tqaURHOfKhOPBLkHwCeeVFkTzNg1jxOkO8oQGnNLYRnuZwiwWDnrjOeFBkaBur2XpC+nJQVR/K+Ej9xkspq9Fj7H4AQdpwvBaI/bTATjxfW88eMLwUrrv1Eq4IaEYOypPipkQZgDhuoqAFPjg8hwKUtKiQsurbrZzjGVjTUfFR0JIZZu4Yg7+T/2PqoDr7yawdKdrWC9oTwtV4JlAytD5Wp/IIB7SzwXbMzlF6waUA/OL2HMWKN2Xxj9dU8y7GPApJAzxps/2nUVfrdYSajFRWpVwCgrUgnsFlKjZ9qAjRQ6IxMFjCYZl4RRZfiT/eeM8gqw9UBpwkDTpIepoYFp2gi7xUzoAcwsgLOEdXmA1r/ugtyZa10bvceUIxDPGCcbW/x3A8TAQt//5vMxDTA3DhqbQBTvU+7hdIx3XzLu5gBld6kZ8NijGj8sod05lXYNAIGW/hC20mJHVcLoxyxQE9lWMlByw+uRi5CcPbkLarSlTbK50r5TrIc1ChEnz09VSq+mx9aH0DuaExBuJxbgXLFVIeFIqr48+3vSOFWlj3aGhYIONxy6l/5kc6lr6AiCYJEro0s5SMRsKoO/cK1NR1tXBF3OOaCRSCfmLgZVtUSHm/VtMbuKzrIpBnHzbMDR5Pb5A7u+eqvzqzJIhdJ7+UMbpWixlX/RDo7W9/HYHrBH/SXMdhcSPPjnq7ENe0+MffTqxmO2du2twld0uReC5jZecqnhtjRGmPHKoBE0uiq8YffN+GMRdAP1K+PBfaiiinFyQvGJaxDwDGfAIHtMMShT5w9+OVMlBi4ACI+YGJEn/SKpO/uaAWq/3nKC1PYthkXdoVIuNAySgRWdqx4DeF8F0PQt9uOzwa9HdOiRvsGMqA4lIiEeK+78WJUiGELIpkfLzPg0I+tqZ66qKVkDQSVwSfyXY5M+bxubFCQ3LanvPEFBsfQQNDW1a2fbnLtcoKlTMNWFNSxq8EpwTvIDu741rVfltenMRBbLiN/L3C4fBfx1iSgu/bfcB1vD66amIX0E7tRfVLm6Tl2rXXf1dq7oo7m7/WT40A6RGY84atPe/tCxQApOUwvVNnJoCkUPS7rBExHFmo/XuleF0YBPndC6iMTHkr/0rRmajrXnWDhIOKDntA98/GNebTueAv6JuhAC6CBPSGR2zMrnZdgYz9xLJcnUqpuVbAQslHv/BQ7OQUlGIexl5HdrRslS9ejYCfwFxKvfvPnl/a1kNsYRHdy4dEKd12QRw3uS57fgCDtRsmgnHBovDSJKHOksKPv/6yuW1yrxXUKlRPsCIvZMM7QiSQQ3FZ5WQyGZiHtnj/R0XsCdZZyHEtgFcE7x5TZ1NCsmDhKSSsrFbH+zDw0nhwTrAN4K2wsRjBRUqNmAGxXsNc0A678vBc9A2Fw0jKZJTFaEpB/M5q5a2pLIweAZ4TDVDmx4dvDx3g/fAkIaomE770FPZIxOycsNo1JlBBJcBMVUbA0+3oCadx6QMN11QMtFEY7gtQjKt1DeTti7OscECZZARQS7ZGs53gcBbRz5dVq4DBE31t/Ud/Jo1DlVtg9bk+e1+4is6zUxBQDp2+8IhHdmJJlEyDklqmfHgK4xMBA5CLynSUzzEU+k9MRD9snDQ6HqZtDuhEh3SgN9RYlO7fTDV3eBYtYM9bESb69OwW7Wr1uOF1Sv5p8cQriEn74U/j8YcWF/0ClmSQP76A7gyg2TAIdXOBnPj5x19/04lBY6A0V6boolZMr6iJt1gEy8oqHK0Duijc3cokCD+35Tso5EP71w08BYIeaAbY7yNPGj9WzYSwNqkt4p3WoNsheZG9q/aViVz7LXxXtuUm45wLvt1BpjL9pWep+GV/PP3RNRWOGEKhaCc3T8zkKitu1kWlJt+V3ZPdeqRIEgSFZ9F5+slxq5j1mQy5O0jEDr6DijfeHeFLHPA6TATPan2ichGMOXi4XoKjQc3YSeui0BJxUJNnYiAoIMwA44OSiFVAzznkAoogneA+vBblNymyCQ/MQ/pjQVCmUx5WJWHszBqHOBvoM0oHhPGgplFPCx9hAYDQ7teLppcpGrEExuxnpHCLOfij+QlyBNglTqzt8ttSqlrjAUzjB8QCHWNMUu8BFSeSnOyjyR3juTwA/2Ek0LXbI6VD6+8LnhytZxoZwykoVa7Ii8rzU47DEgNHxmKgJGw4RPzHv/2G1LMydQYkOIHnQSDTlx6VEmroqRQslCS016BMSYIW+4ysAJ7IgacAIZjSbNPPBqIatTKkgT2yZ5pj6Mk07R/RXrUm9ucAg+ggcw5Whma9x0+LhRYdNSimDn06T2rCEbYx7jh2ZS8IL5ohXSAhwGfYBiN2ovfsswDpCZK0KZ3maP1tDaA3ns64QBFv6ZBKYYOJ1/FF9LEya2hnmR1Lq1393v+YCjEmWZ+eSCWD3qgmCCuVxduaWWosRsquMQi1KeXu0YtuDJ74yPMRm2lT7gWhsMZTXn5WxQUYt1zvWzY1kaigiFLwQ/olWKKueLlSvAFTMRk7AgnmjMGI9RiVnjLL+XhfpJ6CuTCfqEpaL5eVCqzSZtRekEVePA9vhayjdACEJSS8q5IYxwAcA8lTqyZQUZiFHo/5WWtQNDtUXLyQRl28/+n3USwoEwG0ME/CaEP3GJnKgslHi3onz647BimwFFONGYar56aECKb2OVqiQ2fAoDUyAmEI3PevlD/XTDBPxyprPwtdxh5NgLz/rHTqGl0roM1c/HV2UivbOno/E9WkDRmLNVQoxtq05EWppSgGZdK4dJFzczVNuQ85fSgCisptKIz+LSRE14/C16LLh/vpOnSCCcYTtPc8EDp0RmNFpFcwn0LpCfWgeV2VwnRvns41FrcoTPFgDMquilb6ppwBEONL0Ju5YhJKHhDAqzMeToFMSAdzoss+s/I4BbXKhGo9GgAAIABJREFUlnhHUdQej9YcpeMFyhr5MdLWmhpX51PBMvBcZa3cd38yUDQEq3PXIzEl8wpgguUaeHGfi7g8f+PoDVTygTyu/WX3I6KhM5UYuTXDe4jBAAYMmIEwpaZimtsLjNBb2jdxsP58/v0HX39gzT4HxR3LdBpUoNAKRegF7ih+IGIsgGEYf8wbMGY9CrSi8mUPsCbFR8GYATqB3D6zDo1W2TtM5zl2ZUJxc1B1/ke6BpcBSfUzntKBt5myufdkGZEoFLbJbsPiCvrmXvXzM1KpxCJK5GF54k4FfFClXkGGYQonfyYupG6ho5kTAkqQeP0k8+GOQrfXKRg0LCOSxJ9U7cmaOInsxw8fU1oXQ6vmbQETheQVEJxXfHY9IjcMQ0pXPPPxNixqiUifb6ObzgA5GuwzhigSq9f4Evemt09VWktZxsMmdSV8AlgLhTOUeXE8uC9IOusbGjWLm1JR5i1ER7akr1d30fd+4tPNjnX+llNXMI7qoJz4NsRl/FBM0NFVUbVKk4jFYAEXiAByJXHcOnAB9/EQvKGKZNDTxuH6mkZaO2GiD89wBCJ0mLUW5gSDQ39RpvXz8x87F8uXuqCUoFuBXdtL4XwMLLencjIaeR8ZKYHanVf4JLYtEtjIEMxtt5Iq159FuDPNQLbAnD+o1KUoZI5e59Yqr9i1cqw92YPpuF7o3kSzsFlw92j6tPUHMlWdkLh3H56T6qMgCCwhyzHXlq85JzZYOYsZGIUGqmo6Gydj5zvJax4PSnHRCAye8RgwZ0whe1k+17L1vMRSzZzVw4CJM12ltEZInEC7epWSC2a6tllty7HOhynKDy9D30JSoFtFRJGcK8Y0snKUggJPNyWlJVIR71FDQWvkmgE1BmQp0ojaXE4NE2f/6slRPg5yO7SR+RUI5JRX4N3GKf5YZCRCF8BXdk6Kl2QKupD4ercKQ6ovQKefX1UFJ++rZ9kzTVCQ8TS16wfGhqgDrxL0AD4NhTk9u0HlpAyT3kWpKn+C2sIepk/OEU6ABcvtNfnp962DcKHodNBAYfn+KBskqDV7AqqYVuvBPozmQGlih0u3UAO+I4hV7rhhUJkOcl8HQDxJ64p74PMsCOqKVfmulV/DxTAwMxAF2hwiAY9/JMp3zQTEaU90uHwmBqWDh+runYLdPsXjHKRT79Wp9LhFkhWgfoivlzIQxQimoOqz/MMAlDonKIPcV7RA2ZvWpN+CYqjUOtEhc8e7cOmpAQtSPzxXm5eguSQsjmEycdAp55lRwqvwzMVEeUc6ycfIjQpo8h/RPNu33ZTXzWHwA0uN/iNp4FqTy4mpuXOfN3JoBNCs/exzM3jEZgILmU3QvwoKlF16rjgwTljIFSuVepd+mUxAziLAh16JrpYXXcH0DlRwbowMfaYr8io9+9PnbX0fTUWRrpSvDRZ5K+FJJ68MrRUKGvi8h+tw/AxYsRCNgU1WP//x0/ptPeTJKDHp2RevWTPtqZCaeHnnQUw4pwqMgFi9Zdr0MkxCtzBnIrV8HvRngKxNMPmhmYCqx4Jr4jT6F7SIxbMKD81oZSaQjz8+jl6Btu7PBkUYsGsCTamJZr477i76lLFo1Ky5+PzowM2VYh4Q9+3MTLyFPjSQVNgcLYOC5vap3erAAe4LRMipmxaPfDthLkqLHqGl7Z/khsEpdASiS9t6zWI7qXI3+QxPJcnVlDplbQBqiswt+AQMmDJWkYeEGIYggJK3oCiGTS7sg/cFNvRfz1zWksm2PMfEAHJP8TzaSQOt4paMpvRFMAPgWnNgEdANUHseL6Kgc5waUj0U0wWIdWwphmaw7H4k2Ad0r3iQtxzIHHY9xSDCNzJ2i3e/CyIcmEEdHd5j43ge5+/wowMoDPjsXG1BUgkYBjjGeUoWco11aY86wp8Xg4iwBliXu0LLjqUrIIHqTNKZ8KO0WgAGcLBRN4qIUECpC6nQOLar12QHCKYsTkLaeJfcunTdcmZsLERFsXXoJ9XKVJC2DQXPi2tQXJEBgYOyjd2+6GJR+jydqnmAypgI3iuKpU99fQyEicaDeB8e5XhOvAteE9SVtuWeC5pRLhQXdEq5dCANxgUt+gacRI9Cdm1FY6YH1E9Vc1GlU35I/WVCjbEaR89g3o9BOB/RQgZbrVVrKJaz7+Mntsvax06WZPtysQLTdCjHkSP3obipL983JlWLsTqO4gWroQiKjQuImzMEvoekS+sVEQBGXd61ElZMqIFpjPzrkqrrINJmnwNgoxvH2x1ZI7vODONP80JcHR27ojW7obmAT7xbU5AQGNARrJBO92o3q5J51s9//LjvEWhBlIE1CEsJEq7PJlN/a/rN6XPtAnfQX6FMAL62CopSfY0nJ4IWCj73ammOwRX7iQniyyqkygx8ndKIToZi3z1YMHcGAyVyUSiDJUgvXjrWe/L9nRLOp71pSLdqT0M9bpLCSElaueZM4l5zhpjINjDm8KowJwVkHaL98ScG08Cjfx687L0shjX5zQrCLHtkDGNDIJ7TabvW9WGo7no8hfAn7nIVHI08CtxCaTLCv/oG10MF867QRH8ow6R6HmXg0XB/DE+FoVwGiklf2fuDt6OPLb5h9HptvIaN0w9MoUSMqXLn7pCw4z07BwA6yPebNzOYHSaN/D2rd1UKsgjmB70jmxqapPACCR6SOWBMkrhjMMld77sx4qNkAVSNq5tloUgPf2yvJXZmnpnX6SDFkFzj6+t8Aw6i+yZGsPtc8/n8j5WaeFA0OoGbKVvgubEG1VCJ7cu4TqFwoKVmC45CZlnDGvk0asCRQB5ZAz/eAqDFYgZqKAEBEe7R0WswefbiFdEeGWZ6KjbTxf/a495hZPg/N0K573lvozp1t0zMjaJE7/N9RZqFnFXOx+nfFdJcFNCX7aAAon2xyzXxqUTB58EfvaEVQlIbvj+xjxOJwp7g29LtJg5tTK2aVJFZ2gM9VeuO0URJMupL8fqMM2ejcdCdK/hFWPS3pEbGszulssVO7YsRA/2ePeTsVvTBiBKg26XSFruK5FkzOSl65V3mED5Kif6jiZu2IsgFmBu86ua/febMYUkO6OC48B7A66SLazsbizUkDK/3eNAJvM61rQINQAddoxrwAsAnhbAG9qqCvRXgthV1qi80oHOEkPLwKCAWlPccaSV9PdygBSyXNljjUhcXAvhuRNLZnGbiwu2++/UfvyyxUdb+ZdbzCF8V1RD6ESx9PxOMkNvOujvYOG/ZSUgMCj2yiozwDGbBiV0rfwade220EY6ckrdMTdgn4wSagAW8Dvr1rNqXm4fCgDTf+Fw8mcErbpCxTyl7cSSkkWN7UmYVkj3zTJAnhaATTFZoFbqHtC0oMYzSlO3toNIXxYhWHnFoZGSKdPmMQ459oWtcmz771igQz+fU15SS8ZeM0MGhBPSNRUxt+njsPVd6vPvj6AShU0sySgDtqbqWjqDYOiwUFc9cTGgA7IHafEk9Fyd9MCcoO88RnbyvjFbRhe8rZFQo0gEkU1ocBj7DAeiuLKWJMQPiIrmWB8DOU3Qqhp+zk5Udz4M2T7Yu4bduw02VraC/eGXiqnaE/PnqBJYDNsfrtpv33K1ZYsL7OHKUnp+kx8vm2jgHhgQQaPwwEzaareNk/zjHooWYUuAsIsJCOFPs88rddd8EV7yCWWVrsYZBU/oh+uDSRfncMUrHbbyAEZ4IwrmfmaNs9hBfQjJFowIzdOj91Trkk12gqyAEli46b6WXdzuwEqqRGWJxwAKcX6k5SDYUWRSrEPjb23AzvFfeOWR/3ABGsLs/LXnFna+XyhPcmsJWt9cHy2XaXeaRmNKMvEkrx0cB3C6rTxNxeZyvZHAxZUYl+wFJkFlUzjiPz5lwlNg0KWNIIZAJChEHZ5NWnsWY0vv4jpQxxueQRGLGb1KFR9MnhqG3i0ZqzNMfEh9mC30mac+2NHhumI71KL7xDdXNaHiBu1UTx3B6doE4hoyOuA/8aEm6xCUXYAAgyG9h+miNJ2Ien+64pVOUqfS5CWFiFGK1jfU6F4FLLenB4xJbnAyd71eZnDmsE88IdTLbZs7qJH6Yd+SMLNHTU/nB+pkvBXZxlet7vzqnUJLcMRHyeaUmhsF6HWakYO5Ku1FwaMumwPI0/v+kfs1goY/k2pkPJ7oZRA1csUWxVd+yIFciV4Wg+tf9B9xVis4XzHhvAX4vbkyYBaxcG4qlXQjShlVkDRYhqwJ8RjIfLaBWiOCLiS07xZBvQ5n2a0DXQndvlarRb9aHGpG/g4C+1AVnw4WX8aJ8J8WNcLlORYoSmS52DNCepFAG6zRh9goF6Tny/uBNxcnQCiC5qSiHzzIEX5jJtcY7ZGKcgSiIkwZKBmz+kQ2k6J3/lTG7HmP8gQfRDzmjeWtkhlGRLEhXrFjWkGizQJ09NG1rcG1ZILkqaju0m2sYPw0X57V/hLUWsJh7tZ4Mbr3wbC3pCGEA4NuM+KoJMqDTH6i923MFcugVep1RpYWZD+3JtJyfVm305LbbCr6a+nkHx7lZiF85RXGpMqkrlIrSYBoi9XY6R4LTk/4IQqdUVooiEA0w3pw2h/C48keUHG6pQdDZDMHcueWa46KsP2h0JotrRxqCkK7ZETBVi05WJ7mQ4K0/YgJVIBQLWsazmBlqhmgR/ltiAPqkh/JnxsuEoWQpEM91MxT9dfE4T3KtZLibDVQHsfUkCDbF9FFQTjNg510T0g8uRpCh7gWyecuyRSUVCF4xELRrrbPgxSJdsxGFMe5AOY+Cub0X4ZRFq094kZSwd06iHKwfQXH6wirhK0bJDPy9mDJaGX0k63S8DkYMbOx7UryCILKALWh0pdzVTvqjLDrbi3YkRUw797nIDHXDQ+CJmYe8jjpgOW5K+xGw8wV9di5Zc2H1vTWVm3EKXa+OrbUXuoMHqZSIlpi7jtJF2dmPfgBpz3VlSycxWVuLxWSbnYoDsvhGxqGtoVvJ5RUGdraUozVYEwxUiPOF2mjDmi/X4A1y5VctDZPaFt5Sm8+jcU9u1k8wvrv6CpJRXPYXgxKoFIKRkoAkcegMYp9ZoIfSt27TtGF4ZF34vdilCuCTCk7ceidTfFpDY8fGGYmHnMm4iCNQZBQBqsdg2T+AfhYvpaztluzANh5cDMIaC4omXcArnr0rKsLJetGKf9SsULNgmjEvHnyF9oJzrPfwWQe/aSro8sn2uFotIvIs7LQs2WVsrFfwrRWxJ3bq9PqoXdkwyr4x+v3lfsex3eEG/JcHC0CqjA04TBhMRyj/IBP3FeUlPkV+66Tp/iy5udvfcoKtl+gvXQNbmxSpnnn0pErBEQ7L2k9nk13yD7CKn17Y/4F+zNg4QM718PVZc9lkcoD3GxvNPOhwo7YqGkEjAqp50QtX1tIFukmS4ae/Q7HAS7jcLiCG45RAOrmWLAfgVrIVKPkESHqs83XhvBOKO9tKw3kiug/MbRaAnQDZeKLKTM/BOoOQ0qHiclosnb0EGwUaW4onmsIEI3hKUqAeljz4Zf/dA92oJ8CS3QDRqyfqBS2hqp5JLo8y5Vly/zwmRdNzuYLPEyqRFk4JCsgF6HBAwjyQ1aQB+6ErxE/1S/pGpuvx36K+R8yoZGftwqahN0wKBp8Rlt3w3Vv+L/qDAUUB+53RW7opwl4JEL0h1QUkM1AEjSDf2BtsGb8WJOe/Wx3SEbhz/r63izHIPDFzguKeBUHbPeznAh4XRXmhGSfEMI8bBwULgJeZroL3ym+KB1t3u1LUunEZCXpnyKlxOc1HVwJK6/0YP7LV66KTGZ7HzU54pu7RJ+4chaZmj5c5dVZefRC8BA7kWUKj11yzh2hZMq766Y+/rc/xR4N6kJlf4P1kXmyQnPJZelcRUyQsTvetS8fd77p5H7FCSlUHNJTj6nUiCouPoiZOhM+72oUTorws2oAEaCR1V/jh3etblNrEdK1Y93JOoxqVsrWaxm5FqN+nkJWeVLmaq1Zd027Aj8lj3PSRNCDKh/CdvJObZ/KuLBLqDmVCkbyAXrQtwBIVM3oDiXnOqmERDEpXB5lE1o1Q/DJmxEJcw3+gRmuD44NQNjolKrj05hgJWD1dXq/Uq8o8oxYPA0K7aHl5u5LmeA+9nrQPGnkyacqHG6GlNA4gGclYPuYLTKFNrHmxwOgkFwsxDj5442WcjIt+oUOgNnOibC76jNyp36MGsFhV+fFoEpbQQabrOouApv0C6pucfZmRVQ2s2iPSAbxBeEsDlBT5EiApFkfc7mdpvCi2frLLFXYOIJWx0yv7jApnpVgU/KEnDMNJOAM2JUowZpTfS+EN2faKBHjuqfopdXrQKUQu/89grdRNdLrgbffNzSpYwqleBiNm7zNsybJmUMIFtlCxDf8oa9mgrPAM9CgD1zph4jPPjvd3CDXZI9ohHQ0SFO630syYMQ6U6QyFa1nMU1GLEdxIcwxIWml6FiXiaTwDJOIXjAMv5822YbwxTloAW/zVSSKjMKJqtCkPEBXNwtq70kYkjAsqcgJluIKnoDWGDqYuoK5T8t+jvCghFROBAH24joutRox1IugtTeQxQpjmy9XsDmWckewZyo/Z2jxjhFZ584wzLyYb6G9cvjck8yV64UWOP8KmlPKOyjeFll3t7/Xqik6ULLmxJQ+9RG8/DlgkZzKZKzsZKtsGT2JR11aP+g1MLHchKuLdNcj2xMDIca96YqHwt/X3ehnKyUDo5ZnV8uvGFaAnXoSzZ52UgtFKhe2BVIqgVIFt7yL3FkybNHPxSqNhjkB2slZySiYkbnm7+3dpXyc/9GZfhvuFz0anx8VF0mdQR+RFgcpUeAyMirT+UrZCUKq3SCgkHl4pVqTvvQ/Mz6EZx0snUIbvpJ33o1vWesUkGPPGhNFigmR9PHcKfSTdRwwk3DQhnpvVJOWVSFzglRAEnJYnGvSEYidt+uYZmafjZn6gAHtv/XrsiR7KNC3y3CeCav7nuzS4t8kvq6MzMPbBIHsfIbQ6atH7T/DsGHzGKspqCMgMZYx2IV8OsruRuudK+i9FoTjxHPhxSuKlorv3ypa5uIjAjUn4C2BBjVJbjpEtXkoFWBqIAkWDzKBNnpA9jpslLgl/SRW318Y+CQ67Xm+OAeAdMPSTuJH9lHKRd+w+sqMcpXtv7IkC7JT/X/7x99mHu212c1kdOm7ue210jin8eB1RmEM8X4sAQoGSPHjXM8jdep2ex7Ce3IhDvMZ7DXG7DRCEZN2glCXuPszzYozAbBBFevFUXPZt2TXcvC8/4X0lcnlkgPJvIGRe8m/BNcb5sKDsKK7rN3BM07lMWHakdUsnQCY0HFmz+Mn3GEIp1oJ/+lyJDS8Qdp6dV1V/smPUlbfzskmyKy1echXeSAvKCET8g3Aq39pWplGTjxSx1cshuobsX0rgAwI9G2MznwntrFeC9fnTsT4ZKO0bU1hiUQLizXckR8WiVeyyGyC53yZDbwWLFmjbJHtZw2OMSJ4JCQyLFcrIdholR0axtsSKFYqL6bpYi72hwHqT0P3yMsYIGiDe/G2HiHd+shSW7JexEeNHwbF4Bhm98PkWyfK4/XbW7pgTMoK3bc/4yn72CabU8OmPSQOqhtfnxWX3v/7x913OsvoJEo+i2DGN4yQXObyARSW4LPIUcYk7QjjKO0B59wLaWd40NYPjXXcsJu5z33iLoLmeg5mtyEBhUC4mrvOcZCp7rsVvNo4RMPG7ZpN2FZBoU1uYU5ttF+PDY4HUeSQOvsvgEBvCPtkkA6nSqbpy6BTlKyIRylM9j8qJIIyzQsNWgnP2KEbZJR/ts/nBCuEzgVcuX9lRGQD6b5xPek8yNcsSasCSswEGKIuXa/EVObhT2LiHZMlRJKy8vGrUSHlghIAHSEzAGeLGIKERGC49Z7wdM+q6CdetfEPUxUMMdMw/Yby+wi3QR8Z4YR5mZIFXg/qsAgEpGA8hN/sFQABczeS1mMz70qtuuAoFQfW2SjPHxE9/UrF0BDbQeg9Tfa5R6HlNHaaeAKPJGPlznYhihYYa0LbfT2vjK3QKWQyoXo5zkEmOCX0ivb5tu/eff/t7VYighJYNuq0PLPzxL1kpvQRau7TjJhlhuZ+XYkHepU5miUFIsbC8FIRUnxRrHeaAOY7fucIV1+5wREGig7d0AUREBnLnsCDsSgAcDWQ7lrYXyF389lqPiLBINlp5FamIRU4tjz5ebd9/mtgPPi3tg+dnoHzugccajVPg9RrSydkLGMYVeQhgq2NZGRjZrckOxYES/ce4MKRK8UNSvY50g9quqKrnUaEueDKzg7SXUYi+JhhQVrJSJDqiU9diWbHEdVhd44YeUehJyUgFqTznpGnpIx6WPhhwU3beTOBlpMF6Qcsc97w93wCfhArjPAE7skIUhz5Xmo+Z/Hl8kMqujkd76IMsQhs47IGx78JkeTywTMZNt2fsPat3SjJckSa9wuANF5i7Y18Wd9JWxoV++UKlHX/VXv5OjXceflkWSyYtPytQNk16DIQmni1ODIHkjJsIfn9Y1S17CeycnmMdwcucNN2ZdWUbGqn5Kl8LeqzAobhn/wIGsu+lX8Y4Fy/OPHrPhM45IYLEeqCQjYUrlEG0EtkxUP7lvlBVevsxCWGWsXRdO8Fp7UQtQ8ved1EQjfKasjyYx/OrduU+dKkMU7BdQF7wyt8mj2I606++wRXKc+I/ThdkgpGTbKREgQiqoUei0GM9iXZyvOdlfKda4KqilnKqcGew3nMUhC5w1g2NmoHAQDC2Ehh5R5gDc9V5ZhoGeiBg4CVol8b/lAmWFOBjRB2cIQk+5SIa/gGqlBSbPwmJ/aa0mTcGODQF4VE/AXufHf33+9bJglHlrFdA1H770Q7p66fN51fjJOAPg27nrIWaBPG8H8SqcWpGRmV/+eev5RLkPaTBCDq5MVpTbcqmexuJ2EtsSC6nRZjQAVVLBZLQ44VcP6AdSoeXT97gKExz7eGgX1W4KHBulpHFu7kVWlRFrCSSCT18m0DsyZX5w4w9xSSqkFDsVj/osTCnYwEX+qNAAhUT4iyW3oMZTGEprLMS2b4UvBukojBQH/6wKmsdU9yZZq51EM+40kazCmMtd8YBDJsElFWoy2isRJ33eDEGoT8sYO5L+DNisIu0lcH5uyURUVP3jV+U+Cgm2xYsW/H2KtHQZGu72BhE4kUVyfBKBTOniK1sDgbjsbDUaWkF7cwz2GVM+x9n7fKMDIAennWnJrK4DxokReZ42byf4hEBUlLjBT3piYcODBr/GfCDv/SROUV3oh9tUy6oxnisOUOXjNGiyOolY7cwkv5kvIFlSwrEyB031hYNuvmM7nz+14J0LPdi/Ge/bqihWcvctHJ3qgEwa4ISCgJs6RcaAwUJoUU40FjlZJ86/I+MB2UNTDLpxryOQb2CXliI5Rq/MLbQ0TVXjedM3D7pnFxETGFhmQns1bTz8TJ8m7M+SmmWJ3qUdUALONignY7K0e8OaqLQBnzXCSt4oN3N0gnnh5HfX8atQPdb657cKnCyThS8+bO5cbQSe4GjMz5qDjAi8VV5cdnL3pRkO/abWyrRMVW+e0lQWER4MlStNe1Gy9x7M5gvXjVYRXnw0iE9iQhGLfVC6fVqjDcws+qB+wQpskFkrODzULbWWFyIHJ2i4LCXdma4oHdJkt1L9ewxBjJ0fGr6VP1YiI5cTaUi31rgWZ6qjr4IqPv3ULWr5EXjYi5tu+0FejoBQ3K9/lL9EYa0flIfpXYkIMzK0nbHkaodAltJEb098DiZPe35L1SRkOZtNRGLJoAr7dXzQ3Ri4EdW2UEDHuIRMGVKeMkIgidg96R3cSXcKlUWbzxgKUBEEaNtTrGBM5Ox67wchecbzDwF6LUB5lA2QQmoF10udhJF6QeIjmFhwByuTeFbnPzPwJuFN+EIrNPzudCssChjwThPUkBjRxYo2Xg7eXMUQg7OTa0b0D+zN2TbpHlNzqsHYzN1cHnmD3nsOxY5OXIfR370vbF1agvrl74Faz+r0E7yydfzy0Ub6avaADVt/ioLh+my4QdlwMg5xAEUJk48wSsjA5GlIKh5lMriUOQuFYIS9T1KgyfR49BHFZtETlkj/pCNtJbtUFgXkwES+6ij6F/6RdU4Z61pjIAGsRje6v/b76zeB1RRPF6oiT7mOaThk23rZ9ApB+8LYqneFjiY2tNPvbteQeFpaMYfHj+bfN0cx/cPX9Shpy97Au9J/3kUy8KH4yoRvgrAPB5+70YYUbzzq1inID2mIPVgoaH6xlyKemWOLGenM7TLHaZvD2Af5qP7ZXUcYegBaOQgPlkc1i5wq7bB2MgG5VliZxvmUpW+l+OqKdvX7m1nAUhvyETFnQVODBAahS7jWQ4S8QBrphD6KQW5lkQZYpW0lUeUZjzod9KLcHgmRIzU7beSXrAcRYDOv3A+Me0bh0Tx3J9hhULxjBkZPsaDID1P01YAqiRiksV56DXiOcDF9ca7qrM0p8AnJOjgPYCJpAWnpB+Fn7Ja4gedFWVZo4H/H8DQ+GkAjQIAUTUqBGZeFqoiE2TLOOn/7jOBcwXXrbeIeQYUHWSn6M/86FWMAVoozNNBS1kh59GcNgLCz9OYhcsLCFDoHap8aGjI0u5ARkNFBWDKYdm39dc4F42QOuNJkCfecL8sDWzC5PP//v3dBWt67bbHAi2rSY8vcPIywwTkcw+Xdj8FONA5vDA6q0ndh36uBUXY4SXnKUgHobxGG7ssule3iSTMg8gWvTK2YLpFFLpTWtBznmhjrh0F0pigBRp01Abt6ZTAjJ8nug2zrEEIL5Vo7qGPCupwbftShyYi3wgUOBxKYkfg0aef5nG4X0+Dgeznjlo8iFj2ChwkSwTguC/fokA4eJ7X8XG/XqzOFQf1IGMfe4LmcKA4xZ10BYvb94Ndtixz3pWGebDyOljB+/CynhZPm8xDoHPJ3/lynQIxHmAy4cG1u4W6rBMyjAIIAAAgAElEQVQxW7mAsR1KrOMQRCgnOfEq/UYeMug9m4Zz20htwyo+qtoiLiKC4AHRB9TKky/ONlvmiIXDGSMb72gXR6VOoKMkPZo6QQQZPR2v1sa/kjvSzYSnB7yyt/e//je1WKsYJUdOB2eZunAjXrYe0hWP1VqVJnQEqVyKHloY9DBAFmMQGJZpwLXRUMnK22LJ/w9N3UVGR4mxjkDSShSyvPRFUWS1mzyPPdVwLviKbjCYnP4awNYod9CQ49hlryClCLwapVJpfBRCiT4abtQh+oIM8DozyWtV1ewc1OVco/GlTMZIml243vGefDDK5cLZwZWjC+/k1ycXJ8X0NyUn0AooFw1u3Gw7UKmbj6tEpXUYune08nB/FrZY3JOHczLHNgPxrkQK/15Iz5v0SFbYAWzFuiqUjucwXWvXQwKpWoD2mkjIaJkXD5tziDAK5Mo7LRldsaMYcLKclgadzVitS/HM2ructQe3nDmwyJG54Xw1DOeskTkzUn0G/R/eQbQoJnMDGL9fhnXWvfQ+3HltDuMdOB6Fyq5X0veHsRyqWJ/BjBkfgIu3+/Ufnw0ifNPs0lqeH0TKkWALcRLDTcF5WQ6yoQGt05dPZyx0/5UAVRd4skZmujB8ShtO/pwLrO5lnzuSQUJaikhCnZY7B4VOOGkuyFDmuNlEipUX3oY0FJuxgKml2abcVSpRSvmobu2Nv16Lb6mMWF6g58MYyEFohQ4/xePhCUcL1gX6YyYeZWPdww9pHDq5Z37dlE2GxSg8HYVWg6RdHBIBeHjYg6lcsmLsgCTxkMwszUFZCLzPmoX0Tw2rfldwEZELuqV0M2qPe5YuH+M6nuaj/oxoSqMglkue985/lFCAAX4ACFPLQBLU8gAPJEiaCvUzSBWxxetDx6tzK8uVgR+dYkyliQ4tJHmRgbhJi+vnxX0X5lnX0ZBR4LVxyH3USSB0N58zaayBY9yaRhXK6UTsoKLXXnlHlcBGyEHpXxdLoneHuhoDM28cAMGe9K+7iQJfswP4iw3mvLFb5QFlO0DtBGHcfOaGRs2u6B3QF8pAjhNAGxEW4I+SWF5yFvg0rA66Lz3qk/agapOayD8Rmg1arcTSNqh1KKDKF5qYnRLh8U1N+nUyC2Li+ewEREgPKpSuQ2Xz2RoHZSdH0dPuPJEnaOQCyvBVVlLxIDSp/rigpfWXLuQ4UY/WMrDiz1U7JvLMe1ArBeCsLYwZhBUXKsKDJl2nqCAxTtHvcL2SIxSAeooKKK9ToUwb2om6HOQHDkiHo6Dwe/e0d3oKaXyqBoQ55X0xBECz+dYAGZLexEltrDqRvJDZWn4HtnwrblyHohUSA9xmDViD0zubtKAmbY3zEk4/Z3rok2XwR5Rqt5qZgVp0GJCTteN+5uGdOHRPfGADnkE6VBNmQAaLaT80TpeOu+QVb2dLN4ked7eSqCKpAvtZH/7+z7/1IlcRKy77ZxlFmu6ax4VQMgzQmSeilyAvn610Ag8pEn3Yste08noA9iM7dXbQ6SKpiWFDSy+LadFtXTHYHz9G0SmNkKeSyix74rUiOmXTu2YCq2T6eBKNCEXjCPxL6ZiEKgMsfnRN4kJ21O6su4DeGh+yYfaRBTHIoUwaCMYDt4NGMkm73uwPnadNaBPvAaGygCzXldQFvc3HaTDcd5tXtQzCmKMsH4qpNPdcdOl6h4jbd/V3KTWnq4CkhRHI5miWWhk9qXwET0Wdkb7HeeJb4qBrXaP1CspQSqwY5PNfkyJMplagwqLBFD06CjybJ4IU6YhZeBTs5IDftV7kizYBCmr17HNjxpBML/vnsAPjBfTgGOD6AFvxbcdjGbxQVL3Y+I09MRxkzT0mIhy9Sp8erf87dud+Ho9dT7TbDsNjmMSCZLSQG+HBb/MgvXeBGKXygc4FSggJyrsbNavRlk4QyDiMPkaYBpcIKcuHQHAIAlWfWrMTx/+jHGbHmKRdzCdOMDENAxYxQC5DaCdYGiWaIM7WJzrEGAQbbfOYfdwYgqBiC+MgSiF9S3+hAaBqINCCGAH5mRMrWrWIaJaqcbyRk83AzrscUUgFHk04UWFs6nB6v1PQBJ7OuWPhgX+mih1lz7WsHoWA5pzNBDAR/LLICT/OMI7aKzdUwGro/SRWO1XHszZrzqvaytVXEO1vPI81jzN2nWZe03HsZ5OhBuDIKYqjuzrK52cCFI/mtJBWqhl/RYi7EfCCzsFEtCilk+ABFXSB780cFidZMS0uZfx9038bS38cv9MWSBk7qruU6yBzxkYpDCpNfEc/MYtD4SQf+vumkWnGaAG4X//Y+0FMZaf0KhW8TM4nbJklKCHm9prcmfONeI8wuP3k+UMDTD7j4sGdXDKr3XVuvlq7N9Jt9to7VAyoFGBt6g1XB9ozePZc6yITpO+ccMEQCth72BWT21+3JgNtMrik6JCYp8xExXuk+ZyztRVFABAIqzDVRzdoFQCaopauVdIAKuQhK7HwuNT9zDv0PMNp4wXBZGeZttRTFDXtWlscp/kRQzG+a182IzRlhIdDSTPytr8pQtsu2IYK4B0YQnVmnDXVQhwkGaqF8h3WbmB/PI/3Q7Wo4OZe84/KwmyaYNNZUpmYTwzgTntm2FyFj0JdlLiqB34vY6ko0IXjhX2dAwaGHuCV0TUyl3o2+lB81IAPeh2biPIDamTU0P7Q/2PfEd7YRAAAwdaAJUpo8hhAZSrEPJTLyy/S+xM+lKjh0esTVPbzH3/Mg2TppnNRoikQee1QHrEczCf1a/FciolvzTMAJqyPsB+jB1QFGienfd5Mhc18pbLXVLLQYGdpyj3OtL2DIzwTSTPupO2yIEwmwI5XOXHBEV9pQ9SDVVAUMBrUqjYBAJWp9APPeLv7wltTtXCECT9lBXZ9ssJyATzvF5wycZS/BoBxSRMZEw+NErg9wBjgrMxKxFssbaJ5BoH9vue1z2TXyMiDriAiRZ0oN4qK2ZnFMmORl0F6Z43JdxcaIzDZ9YWCSA/cYMFUGsxaAWMoQ/g6esq5UWSaOp3RHKltB60o7aWQB0DsR9d9vJ6Owktkb+aPsQEOmwPOF+PFOq5T5eWhcZIs07uIoM1j7IjkkIZHKBOZN99ou+vcIwQAYPvRoSv4ZxyeKH82QBlDQrvBR5MbyB5QSj8QTuZ0qCM5oLNmVkydly0BQeM8S8nnuTxA4poT9GFy+/zH75beliFwa4wvD7HAV+w+tMl3uMHXKx1QuBiWC0GgTXkgFR5a5GIR+34JrHi7FHsYKmfX8CxJqOytgkBSkeVK3O+gYmEcBzhVmPyWK79xEmV0ceOrGljTFlUxqvWDTAzISaxDWgCDuigDr9nCCM4rqINIAsRdQ6qULayiKHJo4Yxr3M8Ox2UvjanjkNbXPhvoiU0ZuwcaIM0TuKs4ZUr4TlqKxzyxWt4U5CUuY2GtPfNuwsLINZ04mzRFMOLXs+fkyMlgHfqz1L2KTV+MLzx5awkCzkhGsQ/F1UA3Ls8z67RDAQ9vz7P04oeGAH54LRUMRWU8a4cTCnld8ykRAFzcqQ7qa/sc/Mbz0DkkRP8BPJQc78nYTVsov0IiFnTRNeYlvXjfZibm6QV5oFezGrdKCKy98bfmiRH3NDOGlc+87i3GsB0ydCxQf+zNP94ln8dBD/vpl3/8MU+yQS4t+bbU2Dc+FCTfw3ztVoomlz5K1plGx/V5rA3IWDrRV3GdCkkzWwicDkpVmOTd6ptwoT8EUkwS7nZ1TSAgNukpJMgta7e84KpzYswKk/tz/cIbfaRbGqgk87jZJkSldkYQ2NJ/0B33XTA5TMhomEaQQaMQljzr6QCrKI0oZXOgX8DCBCBSQxFUUmUpxRj9IZV6+rjnPw59n4nLiLc0vdWrHZrgCjpp3mPAt6XYVTYpFmPG2xHTQEHzHHoG+uqzMGC4O4oOKhbDmTYxnowa2mNX9ulXMRnjkWKY5TpGcTi9xw45vpC+bBdmWraJQzTUEBISw5FXD9TA6DdG6uV4TOasNxvxKRkjiIX+gpfxCHHE0RVp4ok7HIPpi2JmDilckiaP0twUkONlypj68QTz8VYvYyKefbwQGuSJKWxpQJwkMdqjLkj+9s9/bKzwLYS1Bs85Rdfiji+bceEN+eGeQWAUOPf/ESqdYD4qQgyBksS3rwl0d+Lh4AW8ICg9bP9DSk2LilFnrtLyqyMlw2QUEtrwvRwWA3OehRyUKEM5aHd+7v15XLSiOUvy4Q1RmSYzd5urxgpQHCgkao8dxJmzI4RO6pT2ULYoyHWKoDSMa/3qGBWJBkwIbbGcpfomU7c8y2SDT1JBr7F4/M1KUTuYwdpVM3aOEWcOzTJ7lZKoToIMhk9io7UT0JWXnFr9i1cgXaqSYmBMBv1FSYs4af/jTU/6rJS+vfGtAQU9kaNOf2QMPP+AEguAsgsuP/VkeFgSLsdLSAsdtqq/f4pHa/x8xo+RhjyeXmTt+S5LIGB9M/BvDCis9HRjMYO1Wy0UdWslC6GuhLjuhp72agV0m7FwDRC5Pv7+r/+z/g3BNmiW4H0PpZ1h4ggCsfg4uDwXofAZw3PvQqwUKlCe4aQoD2IZyKGoruQysFk8m5jkuZVYXLVVGhzextSeRMN7rtO9ox0ZEdd0Wkln5JYg09pOMM4sNS1OmN7ouO9AX1roc2wUw2KvNU3wiuhvPl4RcL3qwAVPd05CNVGqi0Yx6qMYPBLl41rT5vByEguHINJPV1uhmGRRIN8lDvzXGjARpgyQ3AnjYc3ilGYgf73A8XykJg2M8WgEhlCftNdzAgzGM1L9vsEy13W4tKUnAlQGg5BNx7DDchviWCg2CWDdP94AY9hFgqppGw3UUyYNSTMUN3kJicVPfoOs1f32txs6oUFSTMZ1Do3OVGw7TEKRSxShU7xFqjee0YcVKeJRbJh72EPPPHLjoW8KQ/WdaJHJKZQ8ng1f7hq+B3PnqUzs/PGv/54on3e26Zg/QZ86hjBRhM5w5d13vBL3eR3iXXam6AzeO5jB4jK07Lh3T3BXmQ8iEV+8/+UoPJppbgffVtB10AOb9cgY6INX9+70JHQCez5ngswWMXF8HRe+TCqE57C3JeR0l/THXJ6T4kw4gemKQ6C/BHTGD63luB6AwZE2ZOKGPCoJnzKhxBaabNk4j/URQdhYRDkDSkbclUJbAcFzNgmiGojr4hSLhXgIFBZ+Qhfx1qhHCgiN7IU9rMJbgRaSSy+PcagAyQEN6YWY8HJW3duK4MsM3IgGYMD5Q3M3r4UyJ3A9hgwzUMhQn2im7cbIUuxjVJ6ntWaKQ1Fo7qHvGALpe+aNIJ01rcbOwq0r2iL+5GjFxuVBo2TmLNQN+tcqvNPNdc4rqo1nTmucUz0Z4+cUfk6Rjy5bN2mi54g1pNl3O9eAJA+6oUgnYRZ5f//vf7HjWOvmgIMmZA1PEVgUA6lprAyR29m99sU0K70v0+XOt7MijZp8UthxVYoS5Zog2WKJ3snAAGKlF4LzoIK+PIjBMZkmVkNFFzDylK7wml++lpuTswVtz3qHwTOJAVa6r0xUi4vlyVEM7AUUYwwZsieOH5TxC9cHQiaC+FAqA9OQHMNBRZpwH/nkRS6bkg/XNcrlQwPv98671hvUVI2pNLjSP8WUKBOZvNK1rtAD1h6PieGuTamR1iNwdLLLwVvdZfvrQekSAaReiFF4KEeuEv90v5uQXBQ9p7cwQozdAyjQndLlqqMZtRTyWa8lvVDGvuCMLNfu9ZhWM3Mxj+KylK+SGBHAUctUiNm4mpjOrRQZC/PiPBk37Xde1qrcjuyNM7hegldcJlhlZGQoOyUSeXeSgXoFQK9d4O8CTNaRTBq1AFgsgjH9/V9/7BXYbBwaMi0o99wkjMNBZblkK5gEA3cUiSBOt8uaAYKpk9eLR/hI3DM/jrVehcW5aybMwaNEx+AOXXeicxooft6DwM+XdXIP77uegZG9QMHaknNWprdxiWvakUg7TGDxhlk2OD7aKMOBysU9eyXz2cGYqqq4bysY9LwLDFlenVs2dXlik07vC2CEIrwMW5SHPvgDC7eJYfB4KM/5a+r7cF92anJ+sWUw/Nm9eR36tP6z3vHAqylavfcQZ+kuyF+6mHmLjpGJguIRp4lRx5sn89YgWEcgQXHiHekVF0MH+Z6MY8fpSL809MMafC73FtO4ACcdIRt36JIp21C8DB1aQIYto5QKmoxIpzjkyn3pnK/MHLnoSQt5QFiLBZPdKbXiW+1TGGicJxftDOpV0Z3J/ROxl9i/i07CoDcaR+KvRWnjDjOyyAnZDBz+9q9/rt+YaRRD9y5vOhv9sT6EQpdWJ8USf4MUH+olyKB1lsorteknqo2Tp8sHCcswWGpOH/je1o/w9igJAejJl3x8HFv05bqpoLZYSXENyGiXHytXd6PT/V7aQotegrdqQexCHNs3jqnE3nJnT9xrJZUxVqYHehW46oVBKX4/i6nql3JB4CmifoF+aKy5/laFOfiCXvGWViaXawASlK+kgGinx0z+5POFEzyx6pMn8ymueiItrUG64b8OqM9S8l1vIoB5ABQryWiTMe0UE1g/YAwDSJJpZL8JHNFzaZWVh75JnzLq15MZJDbDrJ9NlWFUAChjWn9sI4Mpe1VzlTIVK9E32cnxPprAWeuAqqV3+69Z0QMK9qexttM0ZChpw/ijum+rhXIfiB6ZZ+CVj0GsDbcvk1G8aDw28ds//9u4EBQFFVFuJ9oMFBtlsPQhoJRrf59oFGUpU4Dmyf+YR+pjLBMG4Thfl4wHgi8bZOqWCbicw1nkcFGLmEBlYJh5JE8HAX2PwlU5erbc2ohmsfYOOkkw6RYI3EEBva46KuSKtFqTMlXMmOHo6QQCFv0owCzLImIdxSdeMvi0rjuF90uzJ9caB4I/fN2aCrwNXqw+XNzXabbfjJq+NXEcU8TSCJt67C7PnqdjgdRKa9eiQjhRHd0jWSIbZAEyg6R/pT5bMfElnXrdDOZ1MaH7FUFhsnFklSbvqFhZJGvcdqBDC2vQCdZkYAOkXgmmaar451pncl+Ke33YptB7x6GMJgMwa3SsnK/0p7R7K/IBA1MUVTN+8hllTFU7PDqf+XYvPM0Fhs1hr9emrXYeclj12+Nfdv3/OH7XU3j/O2s1yIw5Wdtfia/J/LFuJqkOGO9/+9e/9CDuc9Ci5+45/gRF4bP97RaoEYGcaqxmuEeAPHfQaLwiDQIZCSQRgvSGSbvQDyXu4AN4dinwUrPgdQHcVr7XzsPtf44wEESxTzwarhqF0HWbqgUW8w6mPM+LQwswsQE8AqupnFa/qap41sSDXFrXScVupy5yj2d1mZ2jj42J5tyZ5sTkdRzvkYn7X6BuvokpL/a42MNDIKQk7Z+WH8v74fjIgi5Q0NiqPojTux6Lma4MnvtfuB45+QOGghKvAStiMQRnXtn7pqkrZsFAdBWYMGeWkcalXoBEgqTadlQFPQltYhjrA+JnbOZoDhVU1qhI4GIUBHITP5VrVrlPIKHsPkrJAVvXXWgPnWIOAYmynr5uTodDoWYeGfBgADoxS/ItMxRYEVnzn2prgBgTAA+NMxhvbevJk97pa0kpCx3XloUUMgPW4zDOGfbf/vcfOScokKcdqwEqvPxcA6ExGsJM4v5tXY2fXgMhy2ANP5kbr8iligr7HVVzlRYvYweXe94l18ENKCGDhVwhbt+Dh4KYa462mdMHUekqym2gj4Ih6dK2dPbaMx/Ee8V+amXaEhQ/qySEAPiRVWJTvMBUtVj8qVjSB4iyVx+diA8uTICIbDMAsZ0EQBFIC09ADI/FAxhUJhUPhhCFa0PeC4JL+/JmWSVUY/0RozCYqhCiOuurFKskwnUKe+dUif1CXJKCChP/NJO9MTYDtSAUJAfDNEKb9A/YYfKBn3eDZ6i5vnJiTIsR6SuHdABWxBKXZzwJBOaP/rQiZ08BYR55cgb74UsncRrb4QHpMhUZ0a8oLR6m41Bd9OWPFIZOUoZPrAjAHMUPfQrWBSQOj0j2yBrA/Lp7OfZQvT8g5Mr93//f38ccQJrJZcrG2ahu98SiMA0TypShh0QPa0yCsu9fRjV4RZtFaVKwfI0pQLMLdFyNNaX34FbJJphnuV9dgbNafLjrCW1Bl2vmWtXtut5VyM+SgT4/cVNHdp5VYZWOSS9AfsHjcKIfAayzvOaJjZwArimLkyIfzqz7d4/cJpFsXQ8jV04fSkFgjIdCSgU7arQSjqEgh7SxvgJk8J2e6MCHMUdG3nsA2TIaKjOhngtM9bBiaz0HR1dJBYPrr/sdrNU6qWHkc9EVqVnm0RnIIWYxU+ns6G10JSxkTBjkle7OUkoX51FcvFR4oorZpwy3ejgBF1029gAUKf/AABEcWTIoPCBMR5An7UHrSKEvNaHcG6AUizGD9GYhm3MPJjQLp3hOyhn1RR709cRo+/rFMXIfcmxsKL1rHU0DgnGcCsHxr4Xf/8/vGwP7uGsual+wBhBY60fWB0a2gfuSHN0oX8Lj/3/K3qxJz+NKtysQVQWAg1rqwe2wI3zhE/6LLYmDOEh9/qavHG33pIEkCKAKgJ+1Vr6g7AiHzwEFoer73iFz5x6ePeROHMCiCjwYGHF15vYjJsyLYV6u8lktglunWaIN1BOCtBQtkkKA73Mg1XU2Bhiz4jicTCZIyG4jP72By4fEO2optI64HW168hp62Uf7Srju8RZyAsRF9K0QkPyzOgQycObn2kQHLcnB/oRXixJoB42KuAhybNfyO0sPI/raLK76Eqiyl4DxqxIYht+BLbqTMgc38TnCwPvzWyrZgLBoiqz1zy9gdp390fugcz5S3UyCFPmJJ8F4GAsi/lymw6TZrpriufIbWGohlwljaITiYw25qvB+/ipwSk9v48+vwVH2DBqZleikT5ZfZGj46giH4XCEAoXiOe8LmSPgBl1Q8EG8ykvqlSYCFQklrIaYeb8uAf8LnSj0VCgvGVtDQOSAtMeu+fXvfrvfC3FWl8TRWgUurz0h8tZBS0o4RIANVMVpmUosWO7Cq4UBYdNMevs4BiBGZJM3+C9I865Jd803wDGdY1dQmMkSAam60kpXM76nJFJMj2YJp7pQu4d+Rvp73APWNEIEozOy9ogHqMP17m9xwQ98YDxu4YWQLGa1ZgAaknNoIMtbYEJhQBCG56fgyxBLZgURStbJI4OR+nMh9H+kkIxI2UPXHStoGDxH3/M7lFYw6aUEvDMhQZlA0+MYG7OSwWGifDSPZ/6Ay5k7oc5p/Hc4sbyYV11RnQCZzj0it4c9cPAPFsGQa0q0UCzcgEJA0e6danQiX1CWcdM8YhezD18IgyBVkeDBp9LEt6W5V/BoVpURHJ+jKO21tinG7kMDpvkBzByk05kuwDyy/+gR1pCTuRg786QanT7MeF8s0fiENAmKYknemg3qRN08+e2Xv50QETGR05yA+xXIamLmxN5192ZtxGwuerj6OhLLAaq9jtZhYTDcOkCOX3P41CPUsBq79u20AOZXbZwWho41E8AZOwJyS0FaNWHZnz3bypY9WMphGWIaoR2LZxgTYMMFZKnTrpZlq8HREmKAExkqGqcCUnNxpncmPmauP29Bi2jVeRIwNYwLZDhmHhSBoO6/D+fJyxz5GsAmru/UX2AX86RFDnRQimIu/SFttn+EUiok+IIQMtofiwK5sD4ogxPVcdxXJCiNTmU182m7ARXGRCfBbKdQE5mBXu74O/N6sqZ4C1wIt/SXUlLkoXjWWkDLrMCojjaAzowlJVsjaRQmFiDoSoi7wlHojaVgs5t9389EUXg8HkKWGxFrWNoDeoBvOIn4Z7gpDcxtMQnGP6W0Z0bTI+gCmRPit+F54kvnRk5rphRfCIslYczQ8vOvPt9r80FksoPxlWQVFpnRQmFJfpieEPC7hXxp1emBnzpfx3E9DIJlerr9HTpTmHKmJzZEyyzKhbVYKBGnygM5WXojFlfz54j91MgO35Ls4uE4iTxyn/jsuu7lfBIZs2ggEwrTqBF4PKXtCFUY2/0qfHfa/ytamHyoBAzQFBfSlODCMko1+Jw8TMpLZI5W5XknQdmWXnyNSkMsWdcJJJK0e3PkYnIVqERT65m4OrmGPGb2oZ/Sde4/WJzkqRYMYWd6MKa1XZBRbBl3WLSIQmLRA+xU2AI9PcST9Udnbg7+i2x6zb6fQnu3ddLSobwQigNn8l1iOktbzKsw/hjNc8iZO2t/hPsq5tRgwXn4HmbS8Q3Oumgtj3VQqcD86KRFAzdWAgTuF798BunAE1q/qgMC8v58tgvkYySkFXMGzd/tDGkFEu1MbAW46Xs3it9+/QXxtgTE8BYRgKNpL4tw8hjZ8qJdH+2hnL6KY+jZCy5KBHvKHmdB3pWgK2KRY7OIEcxlePhoLCCbi8sKADvCteq7vypD+HD+t9oCp3uTpJZna27fYO8ju4xWgnEuDVoEaFulIva+gyWug3cSyCpOrSAuXKKlqfUnLXSAFwzomEM0qr2rgA6g1OPw8wwZkeUp2kb7HeeulclnsmQGDa9tTis3nspDLv9EIUcxsBbQRAGAiVFSKQ1zdZqvvUdrirWJ9m5cc05E0wAVOaVG/fj5lJrYBO74CIROOOAHReJ+ng/RMJlkz4PxGG8Fo0Uk0/9YFgyf4du3z7fcWPDNCRij0t2zafKhtCH82ujzPPgGBcJ0m7NNNKAnsFV4hiwyNp6L5cTPRKKx5gwZF4A8VgqZHIxFsSo3Ka2SMjxONI68Bz9TjUBk6/XotvY6QlT85s+/+XL3oQ1hXuBU+N9NJIiVWiH81/5qHoRG5+GUeqRxriRS8RAiYUcrHoavide+ZYunC3OIivRzSAtKhwiZkRCYrR2IEmLvk5JGO9JKfK9A7jk62ZRqgKldrLQiBNJ51ZLAQ2HnCCRQO5EpzBP3g9uLSLlszBnNR9HbEYz2qLiVUoKL803c7R4lPs197cXuttf5YzYAACAASURBVPwZrqlSFOVApBBmZdELDPhWHfb8uJTM7jsFnVWFK+IJoJUEiFDFkv0pgScDyHwSIb9JZg4ZqD19H2Nj7DATAoolize1dkLb82yXLEinXkDouAyricBs7rai5WdmofMKXyFQKazTP88xX1ZaZjxWue6RMbfNHRTcI6QOuHazRD391Rm2i5Giy6oIiFZea4wj3jo3JzWNShAhBpLpCpjsVWMnWPo3Qw3/NCcdU6tiov8VvYr2O36gbi/RIt/Z4ovxD94u48nHUPwUtUEEyINfw8TPtlQOfbzMKDFsINW1jdXCOMYDS8B8EJjFYqi0qteBRqM4xcw9jIOwMu2yjfuXGiJ2zxGROL2sdnFlBVR7ksBLc8hkrjQLdWl/5stiVJqvIBPWVcscCILlQtMbjo1xOt+Q0UMHaIVDSPYbPj2+VLMv3KqmxtJSI4T2g4iMUW4+wtzy4x9Wj1THE/0X53ccZa3NpTRyxn26IV84ne+wKichGaFjQPmXefCqrvX5Rt4YJ8GUTii2O+KBL4yyuZ6xI/BYG7S2uQiuwIzMup29HgrQrqcbvLDqCJsW9ghviVrWfr4DjS6ITBoIIQAxtctWiWWfPUZkw8W6PV0PXQhtclZhZ1hFz9wWfCmtky9j3LQLcscQPKprsJ8pQYHXDUClgJ4SOPr1777EEy/fQRQJDYZGMXQZ4evswdjzQ9I91P9vMeZ82kgbHA8DsPinpILBGDVSg1J3BFHf3jwbzNIqoUFxipzI0frCAh6YL6IdsNAQSMNz2gopo2uKjyY6Su7a821BpDAiKFLuILPs8kIU/CcE64ROjbSpSrtKrasmgT5YRRKhV4JqF41e7p6cMD6hXkn5RVjYiMO/qHBeTsPtmmwrJn7MgPfXsCmCwDpDB6wVC8c1LHKakT0qJBzZjmzTaDQrT0i+z5BzvhVQ30SQ5EAR7RNMwHf82EoazsSf1OmdFSOSo/ICu6OI8slo78SfqyXnBVOuRhiefIU1Y9zMfU9n41XdVqDReEgdl2JSnQDXKPVneiacK03PTqIEsGZY9oJHbN0FWnZg6MIDoAcKQyElPMQ/BpcYN3oHHkW4Ifi+J8BocATFBY2PssjouBwko83jQDss1+dffrVQO5SgtB2JPeFdND5KxTAhTH7Bjcye2yjtXgdB0/4efCNVMecjPEx4BITzL6y63fe39L+Sf4saAaPU6WcxdUoR0L2n1nKUGcAwUn9Xbqwrdy/6A0PLTWltiHkK5J6eLbHaIjQSmmbvt0EE9BizP57NRbp0+Fpn/leUJVhH1IQBBONqEs1QgD/lQTx8Be1jVruWrbKBCQPoQ6l75xrmBBCdiVfLnCvF5hDaBosCwGMYW9h4bZaUqJfytsiW0LJaJ/lDLZ+AB89OtxmYUF+H/SlYhQUxnAsrdqwnDOM4UAQEI7gHhk+QXRv1X2OjXi+ok8Kq/xVVxwQ0gC9YJbjx3sTztVenQ0qbvifsMkee79ZhQrQbkdu8MQ+vtjbsq8HBhD07CC0UQsi/CGflJruH0LD8CpRvnYzAonCQwMOXnrsJHJPxop18qAI5dERv4dugLH7z9TezZtNOJnoOtIGoJNXYXJxajKngRZw+s8QjggwDYclvEFlKim89wzzc58YoWBoNapcxwhv3N/d3LMQGSuZeZ7gwp/17KX9mAu5YPOoABpATgm70KT0w07ELGbAsOqU45zjBmN5pR/Z448zSZAz1YqkDUAsSpVlrho0KmZNmWUXWkhWlubGn52pt0vy1xKkaV4QHuBHXc+QBSVW44BoX0IF5nkiXVNpTDgQz8oTWVGEgFAlWuSMUBD6fgfp9R5cS/DhoVPhW5obZjtXw550N+RHtjggfyyj4f2l4u827OQvBcxAuojBIvIACsB96CsC6JHJBFQoarSqIuzkab/f5JmOF3STyZo0yJ14WACW5l/Ndg+ryPdWUBbMtRTo+EzSoy+eB1fAl6tIowA5ncuiHlnxjvqOwhiFgrUKw+ZA8uvNuks27ko6hjFMj4/qOIhRBnqDHk998+4WG+wMikNEYpK6fq89CZrra623m2M1GYckiJTmCioRmFNhxtJJ5FjQrG1LwBQj/EkLk52mDHeipcBZK0yKAL0lYyiioL9cQja2nUsz6Kq/3GDOGCiyDALw/otCx8Tp/2/AvnzEHiZHF82cZGCZjDoqb2tN3wQdoTzUFnwQDYAyjK0ztCGaOrdkE/wgjLHOB6WB0KCWeKnchzWCWn6uPr73t2jlojkCfCt6iRvg1aHMKLxtDVQg8p+SiI0ADumLQE40Lwx5jKBul+MyBaxIZT2vQhielIabC4rjjEiWp+ssv8WvgVL6CAofCMqHKd8wTwUMQUi4qVefRc+pxzPmXZNd5vSskP9jmSXvYGZfssmHdnszSJRrt2CxwULBAxjsVDKGbvetqQIKvZ6CEHBAEaM07ccuZJqD65aPdb75dopBmx2NoLInJwV32htAvi2v5BG+HiDz8VOca72bRGRQQA2Ljs6SBLCQUW6Km8TlGvkeaBN95vrUxbP+OcKzl9m3UzPjjPeenGF0tyb+UhfNukoyZ1RJ1Ebk9F5mYjldGgxYylUAXDp9gJvhoMVgYoY6A/GBfLxXC5uRJSFnJjgnuvR4rraUAasCQhCV9iAyURSowoMWV+AhsZr7Tufw0WlIrJVNWqvFm7763vU6Yvm3JWJ58hnIFPC+nVL/QzU/gcpBKbYG0Gp7BHnRpfjA3gsUPTD+H3tA/y2T0qjCrllQrcdaYb2aRVFY8m3wNQk9YmUUiMYUTr8ZmvCT0YPZTue09+Y5G5dIeRx2lWGHwo2p7B/S2Li5rU1a9a1MrP1dToKCkhSiG4xwQzAOAsDJYJte7dkZXb7KsbeF3A7kqTTVH4vL5N5+P/s/z3vUZOAptAsJC4i+w2FLsRET46eBX189Cuf0gQ/VQqjrREoQ0xbVLNhkDoMPEJLUEFyG/IhUkx2zhPAFhsYFjZbwTpOtMcBjGkmQ4T3oOGkbq4ta7toJk4B7l3PxC9CWiyhOGT4p8CID0EbCECCBPIstOco+5YTWIquGfHatjOS0NorF+aR+SjR49w2vos8QRwvgt560u+tn9B7PXMTF6Bs8YGNAB2MC4gDc588I+/ugnFOV7a6O4ApyexSJECiYYxNicsdSGWRE+cfrZlqAmB0IjRIgScAk65usxiXJaez4+HEuPPiHSiCJisPiaMCN4XoXBONDAh4m5FybEShzFqqIT6vEcxgqdmAOCwER4zmF7qxDyQQtH7zluuMsqVgFBe6oEBNViR7YTIqZbJHNmHsJ6xntODZNHD+1QohXVjt5mnvNf7fCI/7dE+JPPlyj0zPOUjCbTg1j2u3lViUzGmwTfTJ0UK+mEVa/UPpzIK6RfciLrakZxmtD47ggjpzIC7TMERWaEERfCqywHKW93maYUJzpDs98piSiRttOxxJBGTKiSxZpQDnKiGBDMhqQ6s7yV7/MTOioMeBAko37rgIBdR41OCac0foJva8wTb78Zvheti/FhBBZvC+8BoNwHDcoFhL/o7IgreQGvhDr7ImY5/gtKsiuPqtkHaegqX5kzAYBXjustWn7XY/FZJgMnrJnHm0HnrI7ZfbQvFgdKHGe+YwPQ6kpfc4Qp9z3pYhQhcPKd3d+z1pbJYwnM47TW+QwFc4R++C74FCb4Ck9bdyYFFqrF9+SJhjAL1Bj8sHnfVKUhbN7I/7fd1mMiYGDpANJZgOVUkNvlBlFDaKELHdvltylKDhFyewWb6CryLE2GVCOU+Fh8dhSt1hVITPn7yo0QkMwp5jJf4BGfQAcdEaR7EBqJ7njTNO7iwgcgpk1pB4NCsA4cMkSJ1KIb0MxoXLQR0Q6gF9GuxMdEkIHwIIXJJDUdi0ykoxNVwdTAKIvuUKswxWHua9E6Lg5GK0VICpPP7ExIXZUmB60UY0oo/CGhIgRDbdI3qvoxoaza92jTvDh9sQ6rQfxgiONfYaZ5p2XzXEpJRA3oLo2sBZAR+Z7fGktt+dOqR8VgVFMwKg2CIdQ8cf0ERH8peNIR2ix+Tr44/MQsJRXP15qkaJy3D40xy0ADg7JU5lGOgjuGt1HqCwYpvQ2hVIFwU/tqZNS9J+9M4KYKCL4I+A9Eg85wEeuzq8li6xdk2Qln2y2lCbqOWDhmjLqzNgsrORa9Q7Eu/8VJ1nRY1GKhYvRB2CLOGq7JxOC95y8eneWGvgkH7VCLEA6WGcRoHeErjqZ48ptvvtolp3jPXX05wTLbHqZ2AtpI7Gv3VsSEGY32GBbMpMaI4WyRuo7YDmaZ6TKbIuOlzRC2PsJ5paqUxatiNC0YE7AAvMc1xKCJTg7jacVKwtkZW0efIZwFF79iRoEOjE2kn9/iwyCIYSsXmBcUcbHqpwJJNI+fwtimkVzsLFuLCuWr78qlxNfSogl/mCTPTEulwDU9Mnr3wICnXB6hFH6QIAN3oxwmkvhGWggUyqG31jN6hhGBIbynaE7EaFXFBD57v1Gmw2BkEKVQAS0ErFbYfI4fxq1mw70hH9OZ9Ke9HVmUdOPGiuIxmEM+47rScIE84Lrv3Vp0x5wCqp/XgVX6u9yf8mpG8ZjZfZVadXLSN2Y58+EWoKSDz3dxagUXtElAKaJ7CDAheAMw6Ay248Kf+/3X3/xuc7icv/IRT2ZeCIlyYzCpaIhl6giB+Q4LiJu8mRoEqS2i7S84kSnw+Z73ZpO+W0YRx7mdX/ve1QLfT4NZNsFWzT0DEyNhK6WWKY4mtddRoZRgh3vHM73wqTyiD/Mzq3ti08LKnjNhtGeLZ+KuRFN9hZnfrJtnlccsNBgrHp51Up6EC+H9HDpGF362SM+1/KsOHjqsPBLL2raCqmorXHTLMsK+ax7tQo8VzLE1s2vuAEbNEtP5xACC5uGIANb1MIfHQR/hlzXQCVjSI6jqV2mTObmcUzX1UXhq+mL0+gEyM8wLc5L3cn6VdUDTbAMIQAAHJyRw6gA+T6ATxrRcUbJLQJxtzH26qXTsRleXXEyfKCS714JF/Qx4NqGSW11e1m+fL+jkUdQIF7yLYO0ZdjNDAXk0YM80xqDQ4NHs3RJj//un777ZwTyFQsNeR+MxfCZ/4sTu3qp2wsXGlOPME1WxfJlTTu0agRZk/0NlztXfXNngBnPzsBj8M3qgnjM88ENwphJyhZIog9Kn88Hr8EfSwNb+OJTGahSJrD5VwTYCIFx4tL4lzGP28SYlCgifuhzCaob5nogMzH75K+BsPt+jDPNXDdsyQuzLWrA4VDejBYnmEZYEGzM+zi2vpZD5gA97brgf/w3BIUdxjitw2ESjmPuBljJ9PKeW3//UnEJNdioytCh2neNSTRMzPIWU3s/ea6JX1Yi5x0PnIcbGYsMpwhrxP1FHGAorWXUu48qQHCuLAjuYv+PoYuasDwJxmFr2pQk4ehQBQMEwNsqNxqpafdaORCb3p6DenvyKwmqOBQf6EhYUUk0yirgRsYI+XJOPhPYXCI++dg7AgqBQ5ry+IfvOWmnFUHYUUC4wtWfdM0bGIdyfEP3mu99JKSTHsgZ+ZlJiKxYd/2QMfEtib0x/oI7lCAdaaMKsHdlLhU8njCsBcZJK/1u7xsIiTOt6QakJxofnPwAiXdywvbFq8b1qTaZwP7nlB9CUra9YOTD50VQ6iphVJpez/TDi3+o4Hu1Es+xjbXzzYZRrU1Ggv/yOHUbcjUiZfCHmGlxAvxGenrpGb06pvkoFqzZJZEFzbg78PKBEVchaiieDW0KoolFuUzjhaSuZsTB7Pq02CcjKFI9z+rUsKSyFAtjJwho2PprmgwWAQHBvPqFONBZNTY/ooZVjPn8/0a8iWydjrl+TcBvVRoBo7nGSutjxq0ye58AOyqZRThQR7+LkJmh2rBGDtvlGApW45rtQLiNsN+qH3EVbt0nvfmCx9DHpt2fDUz7/0FnJQWzxQVOsGO1HCl9RBCTG5Qt4oByUVe0ESbDWjnPdFr+gmnf14l7IM6mzH1PUCJkBYopKonhW+jQt+PIpSSomxrNkKCIHEJi967MMe04ZaA2XFqG6nQmIi71Bjz53E55HiEj+Z0xDBOOO90MsavYZgxaIUo1795MUy4doezld6UnqMIOjoSynN9qWUw7p8xeu03LRCYCN4EJcimCfDWCGanGWYLyNZaqlrZ0bH479voNtaWtqxO+U9VsdtRfCxlhXAZB5D7D/wdLg+pWimAAUbRzh5XVofiN9Pl3YSGeNyvbp9Fcwgw09zKqz6oEF7H5pTvxl/0l7+nWRFUQDqgo4NEXTorxQhjiqQTZ5iw1K0AarOj/K8hm0LXBMlQNzQRfsC1uCKQdpY5h9wnwjQgGfAHFU04zW+QjrnCFzLUIY/oJehMbxhwsatTmD959nEEXGWvvYsweft4lSsNRBcz0deOxSvlPSJHs/+GjwlpUWGzPBCxUcA0DIeH8+re7EF9+ueTXrpFbjNNsiH+Yn4HenC4Eg/gH5VHgiw2hBCZnbRmi0RCZaDo04N5caGiTUiFJ+gUQaln3KkQZUDqNuZAwY7GeNZSmEpd5BqTTkLsGC6CwTRep8D75qGfiXKBs9F+ENPsVzRCsVpixxh7DzfZgTyMMY7Js7IkgkFIIMFfGoB3KNFS6eKdEy1TAFmolrbbB2+jMZgkwDJmRjgjFVPmPvyb8+/p9KnS2/MAn3ILg0goDB0Z5YTXIhRLXgGHwbKIdAKAaFbXWGg5NRBv8vBlZ0c4xMihpOyVmRjteOP9dK36u7uMU+voX4UprwCDRl/qJZfCpoDQBh7Fh1mLhQr722FNwicZ7N4j7dQw/D6p0SE0hk3VFifB9NNPIe+Y2FhQ5YAJjeGJx+oe9lrUaLt9bh8TTSCSkiFZe5oxRLfiz0TbD42LY/X/zzGsfhsRvJAcvB4Nx8nZqUabSwjMWRhPRvgskjqPhUZxUtfWABdUo4PJSZYCz2RkKR1lhjgXje+RWIYhz8lKOQ7XPC5gcIcUIMeIF6LnmCZawDuzCDRTiCqjIaATzYM21FFE00aIdAxsjKNnBgnud/i0KwDgDR/awD7OpLkwgfUxlVOhDUu2xOdjQrrAmEk0rV9NRRlBUec2HiXe8YxSMITm7JaJpQtZ5k+R0MjPVwYaIFk5hy4bEuKO+6cjAHYjhS8yK8FuHAgsHsBV5U7N75V1BPa3hK8JWr2g7lHAdXXOfDQFZEC2/3AcuwibnxCr/iBBGOLv4gkJa/ywsX7EWxVBMmm56SGqtwTZryfpLXsutZ0/EYxYkoNiFiapyoGQr3wWe3vv67Z74hzcBsoJ05GUjbJq78OE4cBrJZ+shqj7Y/3Tz56r8OYp2KzOsQe5wWsC/d3mkhCZNzruD7nV1oLBYNfBqz1XmCj4JYFNV1hjqLnzjVZmaDNEKDxov5cg6R/ogAn7Q3pD0lllZbNFh2vQ33u3r+kE42MIV3WzeDdiJCljV7kCAnwMZ9HveFjwQR0LzsVKOAGk0DkwZLrApYixpdAcN+WDF5szCncUw0MxlriLwnLMZeCQ7Mwpj4AZEqwvWwG28HO8W2Mj3/VEfVPvVwcZ9vkZeIxKq7wGo/vkpg2ly1d6DVUQDQX2uNpatpgc/YO9s6jPUhaacHcQpKieZhYfefIePuN77juEt61v4JgeaZWJ1F2Y4lpC7K3saXNj45LpKS6IDyGFnvqwO7oWIhFdYQYQIqE7I9IVwlMYtgP2PGAiFQqOl/s+eWqbMYmm5bi8/qb3nx86ULlRAFG3zXeIoeC94n0rFLgbTX75sG87ApYK3bv1EIQLu98XfffDM9gd9xtk/6cMsUFQQKCt3Qt2vs5QrbwcwyPxIOlmUBTyoHwllWQWa8s6eMA2LO7L9K1IfFq/G0LwLWYAXQcLIQzy2BR9mAZ9kxcZxwJJwcw77vrPOglzv0GAWBBsOXV9SrBBt+iaE/9IOZVEJ9ew7nspO3ONtVBZQWtmEl9kSjKcfgiwROnhtfQu8xB/Tag95GHcw0Qqg5q3sLZJPwOZkSBUWBDwJDQXNLOICBQJNgjftPeL8mi0emKOqjyzx5JsNgg1hNKrRfx+k1y68vFk3eupjQGr+QMVFmAQ0ZM1YQ/ZQfAm92CtaBmwuseEb9ibbJ8Cg04Qpk2rpSNYEV0Pqj8ZgFUdKf+4U1NwYOrVBCrCfh6bS7+39k7Bj6cc093CLNtmajGNC2wEKdGuGtrKiwyQz5UeR7hrp874x3YTAsH8o863jtN0kr8v6gp10uv/r6a4yiTpf8ephf+jLhMRBOKeXlbqzihYRN2bxkyQHRGsJqx1wDv6RsppTFqVGcAUWFhupW9j1wIAwObmXqmGk6bTCJcJCtbNT4KDMcKsKiCOYcVgNHV5gQYVNkFCBrbFzWGkPQUshmYvoTEVZBVLg6oq2seQWY7ilRE4NfTzm3gQbKUtRXMrQqwdNpE5qQFNGu8wLEQYaO+dyhh2bTQVbP2A7H7u3AUSM10CL8LAMzd2CgC3ueq88FiylZ5QVhlJN+T0B4xnHG9ZNOFYFnojP3lFHJsbLUFmTqKOYvaLdsC8QYjp8C44PrDQhEU/0NsuE04QCea8UNaWhD1cfMC8qJVkZDo1EIOnQ4Pow2Dr9SsOv1npzMv/h1BAWIiopGTp2WES2GCmMvxL4x1DWSu3n7gVSbM1lzLq4qPf4wN6ZRL0elf2ohLL7c1u3L5UE61PJoQ28LcWqeWAzDaAhFjJyWOYTVyUET5qDWd0pAmpQ60eP4mBdBztI4V0mEZ8ThdKG9EVDea1DgmjgLfLbsCgHGnCbh0YpwTo6u7+dT4A4vssYMAZmQE7HYlX5vkd4RlAMV1UB8BtwYo9lnGA1px3gifESNKs+n7EYtZvQZ7FIpRUuCqMIsjI//S1OavJPb+fw4qGrJS7A2MistvbE/RGSOZWSCRaDWeEKrgMUgWw2ciRX6U1a9hKNSJc4+ONjo1QEQ/qslcTxPFxLPAn+ARFIM5mzsl9aNiliZ5gZDtI0Y2iecBg3csdl8soea0AO99gmCoZIKhnVgE+/sbBMX1bArDAfkw1q1LtDVnJRGaqXy+ke1Wqo8SS9WxSAN7JRCWoF3ns40VHdgLZEw6MBQ5TusOK7FlOcXf/j9rse/wL0YKxGCpPM1L1WbEAIc+TzYhIQafggO0Qa3n99SOPYBW+oteE+LnEbUByE7z0e8+CLMJPSqxrUey+w5XFejNSwWkF94hNQTLlXj7YTT45OYjJeosEjOYe1vjmOLlRPXQ6SNg9g9mhvykRNRi41gs2p2Toe9janzSBbi4GM0y8G/FlCyOAgLU70gCouEppRBONMEJsFUM582ZNm715R/wuh7tCbTYBwQ02pFP6dVeLRGaQRLKq4DxlZlwC3H1MAWGyc4/d7gAPdAH3FsUAlLcxz7BBo+RDCH76GvOZC0TRl3gikIahEw8xRUBFwl4gwUBQk/EGMglH6EusglE9l87FoYDH4E28NXpAi4R8Zox6O5DkpUhIQoglOKIvzhr06JXWYYTcfwhWQSC/7lDzmllF37aVAC+BjwB/RPEeTGE1InFF+ACcVNgSNC8eTL3//e7u5oBOAOQsJxwZ5dgSYy97FHgMslADQnBk16Hs1Yt0IYVZOrZrOpTRlmzX/lFjjXapJNytpYs7WnNdDR7zhJmj3vb6J17gCSAVMYQHseGDV5Cszwra2LCNcGP9IyMDKxfGSW3lI5tdYyeQhMWtdDclwYhOpEMpRQ6EieJhDCuCPqMf8uVTTiXTaiEHIiNWwog4/2XEOoaMlCvnE/lhme4DwKHo1Dqcl06Bf+T4kSbQP+ZRnJ1D8Vpl6PIly5e+dpZvuDG+YVFDh4K59AS8c8RQEdLwFkvLB8W4o7NyTti8AwBkbEmKmRu2ATECrmdE5YUpShey8K31pytPFTnIiAt+8cqQ3+GSxGH1htCzOzXkXx7NSy+zqxip8rakllXfyDQsXJSKjcsnHmlwQCmYD1QEuuY95Z1jbVodJfbJfmy7Loa1KYMM9Sz0d98vl33wpZjY0o8ZionCDr7NEOI8797fYqcM7DcWxY3KsYi8I6uk0g3LapF0cASZjTciGzDneYfCyTIdtTQavpDl+znBDgEYGDMTXfrq2MQV2NvsIYOxSX5qiDYub/o3fPK+EgsagvcSX4IGJW8Oaekn32AbSYfKazu8yeioUXGuLFipCFzZqITFyeigevsCTHH6faOFp6/1JiytjhJ/308hs+Vh8pPdzuJOachmVbsGysEiCqRROFwUMWjVqtOlo5Ppo/sMYedwzj4BNA7/3sv4bQeXnK5jq6zv3y+EgqmaqmDZPqu1Tyog6m6vUqjDTSls+ExuowIRQCgsZ60o29+mnNPsumkmB6xsI3Vu7Juc9yhv/tlcyFfGauI/gL38In+QaQhQXYMzWsh0+WqxJSo5i0LFmBC4FxpQ37PMdkQsBBg+ZOoHHdeSjewBwjIhbcyo87jtwgE2PZ/V98+zUU0tY1qUKybneEGYERWggmvdNfqdPBjECvg8XDpyTPCdth3tH31NowoC3tZnJ3hM5Z2crnwBvFAaJpghhxPo9anwU4VmyLOwOk9pJNgDEIAQRlsQ3R4i9gARDOoyWBFseHsNHbie0jvHWlgPGIcF3YO0ZV+7jAaLVggEWUaB7rfg48oniPRmPM3WhC1bXCDhxYWwgh3GjvzkPBYm1HgWFwlZzMs/fQllWmQV1QLFnyTZ2JzGjlF9M6RY/yLFAFJhQCsqgFDd3GSpLVteBerEth3Ot0XZdCC43GhvSXtWGfCWF6CN7mrUCaWKigg1gAjRyG91koPxSVkaWTGGR0wljohnpB6aRgXEY2XOkzcW90ewsNJTEWzitVSh3FgdLb7wgMR0ATLOFeoSGCGGzEWtjzCkhl1h8l1G5CEJIireUB/q/BD3y6aFn9PtDsc/bxQXTSZSISVxUY1oYHBxfNkSWht495fP54CAAAIABJREFUAIeA0kqtZlyboIWAY1JbhWK6TcCRug+SBJnQsru+/Z/dr9U64Uvb2nRAp6viArYY1zmJcuyJoecnoITAgfgwrLMefJyyzGLN6HiPOfNrmV1VwsM8nSBDmfOj79FOWBJ8F7WtYOAwCuPCYvIeIOjZn6+h6j9hgsOPQlokFI6sjwCyoNAChmlhZdfz+tr1Mwg+ZnGxdEQE7V1zIAdz4vlbt5MU1An3f43DPgCOI4tVF3+gJGNAiHnWJSDljuBALYiZf+zFsQz8djG3Vx7G5hr5AdhaTieoRsU03MxHh1esUTtOvYYhiOy3zNP8BTcUDXxrJrzmCsJI2z3lbXxoxqC+BHazZwmlqcrN99IdRmgGN9V08bm9qhAuIp5COYSWvz9pjRiOIX0E5JGyXzTkMOK7d9utRnk6UZsr22mIM8xgb6L9NfYBczAdhIAsOww4hnsco7LvPGzLgF3qtA4YceqTXYzyjnCGe9HVOIn2UPdqD6CHsAoI8IpWRARXk/xa0JCkO9gfB1IhOEIL9kRgeBzW3ehFGeFDwj1pDv/migvtWePmUJRa/1oFS4JR/4OFjzEM73MZgi1TFC5W33Of+0uORXT0QLMVGRq0MLGUANGcGosKk8mYmXrCqLouPgPlOOpsXbTKV3mI2hFpwOrgfx0H1U4k+VLxO6vWMXDi4l7cfQc15OTmw+gscytbYRjvmUfIYfdb8AcXttvQGjJ8Peat4mKucAt05ZmNRRimQ9g/vIo9QQ8P1dZVLMn7Z+m2DRxaGgQRRiUUUpSxWtGtZ3isX7xmhTauAjeCCvQpJxzsMpQcqnfHcGu4HTjKy7HSm/D9y8qN5pc82QlnT776wzd1vjfqQ+AIqceM5eyK/2GCfY8lqAZKlZ0mgs5gUxh+km6qH0cNssiHXFAtltrTBAYmE/MXPlfHwhhkv/cBcIVOekyGsJxrCdfT9OFcc2JLuxf8yNiAJEWKDFoAC4/20Jtln4elMjm3+h3uBeHtOesszOULuFcFdoFThA6jiY26ucfwQBCBOaFtUQJoRiNdJwRJRMeGciwWlaKyiGO8Gr/5GH0r+CW6Ol/ZC43H3GEGsBj0QTPqdmweJOCwsAgl7wYmD8TAQPhzhoFRJJydFONem6e0RkqBHJfAy43FjfQ08E3dEMfzYP5LQaCH9rkN3BAWmJ/KgBQgAl+e5JzohfBKMejQ1mq7NJIhVzGGKgqVD+aYE2N3JvRAWMhnLXCgMsyHAZoWFUOgEkCz4lCNUned/AphEzT85z33blXkQjeZYP9DcwbP2hYMHCSXB0zc+n35z79zP74dOTZAElc4NrjKVu/CcBune9qNRBx4o0Y+i4q12cDE8pR9YDqZtuXDhNvAj61FrV9gAKQ3xpBHBbKolHOvC4WQ8HsmuINXcnTrGcWL0GQnyiQpTvQMPiNUhzUlJIxAqyXjAxs5sEgH5lm+gUk/kZKrc7ga3MDECWcr+oEtF4fHaLqbSBEnNDDMy3yvnAgLcjQ70IZ3KxzIWRWlV02W4WAFhEADfkMMZdCFa3cjRxu/cU5YHsgWPgdf00ZTK4g1JOqFn4Kml24ovLM/25kUNnbnZCn96I01079AKabGrsbQtatLQxAiz79CIPBdeS1QF2VwBV3zbwv7MncZISWhFfOD/QXugRqgeaghuJcS6WzLlHLFrf7aWJGYcwzdyZmrhOFJj81GwfEGI5fHBTC6yvwIeDA+/CHQEjzOdRv/53/4+j1l6bYrQ1LG4MCzK9FEIpPNJLbYR3NhQeAFfJLjqNpGky/3F8dG68I9WhVGV9bTmUHw5SJeDWZROczEsTqGb4Fj1iVvCVw1BonoUaYGQcOUnYWnmj3Rs/wb4AmhVnRGh3ZSZgBzJHjvVxpPrsO8txe1+JZuiG2n0YQqQLXa3nyoNtVHwpKcMCzRM4bIAh84xpjKgmd9gkeMsyDEtSvRei0moo9X/kCoch15IPGAdO3WI58BeaGT0Z1TLe2xFQd++o7j78hX+k8pHbL+kPcOS8G4eDbwg4ci1PgwWFZGfbCjm7zUTlx3ciiw2MbbEd1t7iJxWcCFA3ZyoAntlq5IwelYM3/IYtKjPUZ5g9BGVlctvCUiqnLoe/0MxogCOkqti1EM0DqfQj/pgOvyVQjqgiG6CXSi3FtpNog1RiCN5MUb5qCIZYHcLYuZkL4B6k/tfPn7bzc+rMaRaBjFiENOVfvyYDDMmh5wEQ4Ip0aLGX5uCrff2FEHhl5xo/jV1eWZaJxgQkwMwWA6jADxc56XL+MzZa6EE06B3B/2NEDALcDVPsxdeN7HpLkNeBbskXEB1OzFhkXUEKohNYV2krlAVN7qllLoB0PE5Drrlj2kO69O8IYosTxoXpkOJoGe+CGN/8McrmVEKF2kK9HXmOVvw+rnXseD9TwOp1EqGIeMd4FmWyyBArEsWAqsBFpRBYEgICNAjAsyU73KwhYg6dhr5lOOxvo2lkwoyb8JaoOjgrbUrns0oNuHSmbYm41iIIYE4umaKbC/p8DOhUTOml6QmzU453fooyowhPWxCLAHE2B8WLWgrOzGmFCurnlrwNg6uyVl3XmE1bgpnJa+gCZOgtA+XykfKxNAL4aFQSlYM5z07QdxGYZT3U+u/xBWDh/y/v3/9nSDoaGaptKBEHfuLDgg1OtpfwMNe4aRgfkbWU8Wipg8fsFejlCgNW07isrJFyDTzWRN5qmKZEW1OMFu9xnoA0EkbaJwUFCAptiCyDBmtvFjIDnWhUVedIwFVRJIAjGGfU9yDeJqaRprihgaIOgN0ZAhYUqUCe/n+xPDTz+gzeVwwMjGc0oYNg/retTcJQ+tJt4jOmORMGj3xanHZ/GX8g6WZFyMwP1cKzyt+4ZU8nJotJ/RoIQ8FQ6+iKls7OBrshzGFs9Bofo/RA9hoa2TVAbTW7lQ8MI0j0iA59XOx3wCFljFlEVwSb2XcfF/WWiEiQ1nSWDwTmlTB8GUPHrVz4OnWCWvsbE261+SEk4XznGLviq3B5WuJC0b47Ru8ONJDuesp9jfLijgdnCeydj4Gd5iDi6NGsd5Pvnqu6/fP3AcgVETNA05BSYDo7IjssCkmtqBpVGEJVKCEPEk156emL26h5MYTENtcZeEK3oKkxH12o/zDz4iGWBlKEycEwjm7kzBGBPTbdsh0VUwxapTVS5sh7aHOYNubYHFGqUBrexVw8BQPAFmJ4M/gTHa07wkKGx8SkIgFzVcOv9o66f0uj3N1RzcxZjAJHAycwxG1MJmB9dj8zT3CDBzov0Q9DvRF/Mcld50gFBaP48KYYx7rHrwPubM8uF8B3GvP1Yzs3aDKMw5GEdVwxmrmL7txi0LJSPwG5C58G6btvZus/+8mvzK7uG5iirbl32749MyAK+2jjz9isRdxZYkNGsLxXh4HtHL45OxtihOoKEWt6AE22DR4T8fjw0PoLQodYeFg/gmguXGksCGhbB6QmT8IoQHRVAY37Ic2Q1/EXBqOtsAQf0YiM7lq0kMx7txEeY12UKtFVtrH2jdj8FZ+09M04FRFt+ppZPeDnXBkZ+/sCz7FYcOncKSMCh4mUXYAgBPeMg+I2GG+NTGEvODtqkJwe0k2bLEzYatufwphF/sXyZC+3Er+1q1wxCHCBpK50jWqXUjN9I562g7d5k4+ZJZjAdGLHZerB5MCl1jGuqygHZoSSj3YR8+ClcqchE3889xel14tGn0Y++FAnC2lCpQVCXIyDzoaPiDydPt9B2DYWoCd2sTAu5LdC3Cx/C5FjFBKeUzHCN6wAuIQnM+rigy6NZnOyICb7GirZV5Tv7Vf2GNok1Wkecahkm5HiVBda5gQoceZoXezwwaPK7xWiENTfA+b//HycXLgConu9pQSg92ee2ZvPbF9Z3liYS4rLOjaZ7tmT8hg9M7wXVEyehrwPyyXH6WQohSRMgW3of0HtsB/zCPg1DgLyKjQzgL864WiylwgAgcyhy9scXDFAGxQJ4QE0aRkHnFmtx6zKaByG882/2WTu9zMr/uKtSk5nugp+yMOILeDuK8I0VOsSLaV4lAQ21wWOAxGr6M5QlAtIKCOmfmAGADS76zaJ21LZ5Qe6P9DKHEOkEw5gIMA4fva8LSQkIg21n+cj3h9qDCgX0oBKFNzHDlR3j68fuEHioEtPHRbhXDpXkLA7fHA4VlIG7/R20au9p0QHE+XbqCAG/J8gI7FEKmwo3BEj5wV6Y5CdYNWh1nlPHDMCTeVKEs1N5hYrFolBDv8rdOYMF3GN7NC0UKTIMsXC5jSt/C9CJvDyk9GF/xhQmPsjJShYIL/xuBktNRkihdaFe0CjrgIWhD8dUY4XJzWmIZmLFcET1ek+9jhHL0hYVVRORDeArXCtmIjrXFgvMeVV6jFaU8rIu7EUEYrNH49c0addwhkF/9/jtJQpXsA/kMTZdbdFyMmKrPa7qcAOk0UQ3r97luHpmwf5NwaoliYOPVOEZowmkmu+oZdRFpiZl1qM46dehn4TfTIYxCDRg+VOnyRpj0CENHM6dJ0xzAuVM+De8fWMbjNPO2m4nx+5ehwlxBM0VZzNpmLvG6GJ6xHsfT0pP9TOTFiEPOY87tYQBN3XE8YVQjSdyfk40vmsADVw4OP844EOspbV+FhziuE8zlghhvB87kP7VHpn8v38mEp1OSWDKYGNww72UDcv6lqRudTnAig2guCR6ozSzPP1W4J5+kJbCc5ZS1w3xAPTvfJFTS8ahxeZvPYOoSOX9lRXPRK21PEBgPkdunFtCij5gnvlxKxPXw7+AUDrNQLR7JV0KHD0p50NGSfubLtlsTCzel7DmPxtD3faf4xIOOs4LND1EsFvj1vsiw2tUWVjvHY53sMOHFPZCjB7wZyAKz7UVPdaqKyliyjFVJvnyWJ+AeDdD+99N0gLccRrW1PwEBBqrzn+8ATFCA3MVYfB5KCL2kOpGjv64K3jX4OK+KtLlDDeEyg3hV2W5+81lIbpoYslXPHnV43oWXx2M6/TOZcGOfkyeT+/58NwULqDMmsbfsaSQgokO5kIQijm8wYg+mewiCVIJpc50g4L8pqVgNcjRqLufMwIiidc4Hvs3eSaBBWhsCsMdUZ41wOZZeW1nSjmcoeAVGqlsDQhWa9XvCpSYLsbxBOh1sEpDMDwugzwRflhzGhgBFym9UGMg4r2gTlQ5mogHewjieX6m+ioP7j5Az10eTzdT7zWowDsL+ZNoRYBiedTdfwXyKpt3a0wxYdoHewvPluTY/295C7+hRYJu2VfGn03yYhb3HspZSuJmrof/6u+8GscwTYEKJMsFUTZo/BvakE9oKE0We44RLjc7M5I7RDJyJKa1Z1aQKl1hA9lmwpRflAKMwdrAovX4RAJmi3k9P5wyDf2+15wgKkKRW+ra5IZiAApFv29cOkdAGVmWq/XLihStn0VI2aHvuaXyq1l2jIOIPSMQ0nkzJ/HjvCS96rLG9lM7W43hRhq7Xbhj2UgQfTtqdpcOJ9+g4mJsNWVpWRSNhwyHcB24cuzQLdMY/MHzEs4EFBEi4qzyNJL60NFau2fv/OaYl3q4iz4+eTJNODeoSgl60JiQOsVK8y1xyAkgbWKhUqCgLe+gem2HFt14YA6NlOP5Vb7lZyi6Vow2BA9iOdds8zIuAHNyKQBkIwm6mS34TVQkBNw46zFw906wajoeCmAmpOTSu5tmjGQEiBXnDsGPifqfHmW0JRBk/jXofe0w1kUCr1YQqvLgmipbsk6748tvlQdQ6PCmm+QDZIbcKDmZZfRUSfDBP2uDkLGC4A0eecNQBMICKSTsWbpDTAgNcGxjRJl6FKdt7bMigbBoS9sy5RVdgehvEpcx02GwSwUdj6ErwwwFF7xu74dwTlTIkjZY+wsdzDZW6GWoiTC8wYvjCR/FVFsKozs+EvxrniRgQEAVnqJe1O+P4uXHBzwtY+Jkk3bFiCIfMDo2vKFML61TU6GMu8DL1Yd5L0eZqkjQ1zA2Vg0ZmY85uuh1z6lPBNEWKjFRZG9bcKxQFasIovG/RNbPFVBazR4LnItRc0HUSFvzNfn2URplihcZyG61FQzDT7xwuOMWr2UoQRFZcT0i3cHuRMpbNzPyhaS4jIe1gagdvcB17dVAKROcuiF1XxRKm8CQ35yZokxAQFW9KlZ2SNQjvD4nn2zWrZhuvgQcic0Rr+Vkl1vzMZ33+3XfKQJ8YXJSBdQBXTkx7mUqpHcMpXa4TnTVAzOzKkVjNS/SJupkCg6TlIQqW5/LZFIgjrcgBwiMO5J6ZVhn5YMjOB2F8mHdGUMQJCEfHQ9Aalskw8YWHcZ5ZZBjEMn60S85hPUizHEWRiK6U3Ms51vvqe9PBnLOXLyLcU9sQO5lyOK2vBEEbj8XLRFvgT7eHCmaOVi/Sdp3T5w4YGYjFgFtYfSIywBPgYvntGlMA31o0neT3L/Yuupoz3gPBmD/POaXwPsuj8JyNjJoiqYnF2zEI3c1tm8RyKzylXeOHfCK18D5x/x7zwcrpDyYUlqOcvAa+JQfm3E/5QGL3yrjoOfNCUShS5GL3EVQoRK5H5n52FHQMX8MMKo0ReugwBAPMFjIiIHvem/3l8FmkFYW4/x49N7MwsNt06SOm1SFoxASvnmUgkxAFpyJbDLqOMhZxYoH2/idfzEnHBD6aWSW+Tg0VT6moEC3TQZwpMrTD0xNL9hhdPy9KBTUtjxDadD3JOIhkpe8Fa4QTLYTL5xbMYAsSbFTM554TbQ9hvViNxz8sHv4DF+K45qQrF0I/Bg8kYXkR1soVPDdiP7ufOkkdQ7IwMavNG9QgCBXvoZQBxqiC1YI9o10qVzUTIVvDr4S9Zb7GKX5HkSCw8K7rjiAAudIBXIuWq+XSnm81uyDVtSinAY+JT45QMdPCtMoE2vHUm31EmyDoxTNJXmrpz3xYCkKXYyhckRA5Q+3dKC0ZlnfbF425cgZKEbElzJjNxnz5AESWcOyLTmYNia/ThLt5qyAirgrDhB2KlTcbzcCKoxR4b9eZgIX5HT9zpp8ZmpCIKMt2olu8y5GzX/ygB9eKcpiNnvNDzJPFy0ZlzZMA+YN5+mVCJngcxY/lbuy3+HRf/uGbzX9fcPoT1uJiRqRQFBhR1CxGsljli5FZNCbEauN4h2vTtEV2vJPrVRoxvn6K4p3w2DZnpyuhgSxrxl9xQixM2tNt0OLwlKR87NOxKJdjirUpPBhUCNKI4d2hlBOrT6NjG+O7OGBeFkrrVRUsNTqZWrQzWWaGi0Mq+7rgmdZFRsxXsXNtYz078uIIzHuhWcsaLHU/Y3RDFk+tULJujjDlUR5KYQwj3bRwQbQsbIWMZqH5DGGyUQJ+XwGI4IKpt9bDcBDPBAZPAZGklCE2DsOvoQV7H7NeNCMX6vBdZS7uQNTfypq7f+yEo8VIFwMrffAQVoZfCuQo9K3c5lxUEo7Re4FeWGPGPevQRjh8ZHoty4W7p+MlcKivWi0Fy3dnPRRK824Fi0hQXxCZXmMmE23lWuTQxj0mCoGHlaBwQNKTr/75myVOU2UeBG+UgMGANzcN94rgBLcwFetdMGdPxfK4SEGQrA0Rp/wT8yMnuVjneO4lfAnzXPvEwbUs+IEw3LcRgEV1PXDyGJcER4WkedAQOLGOjO/UtjAbmhw/Au1AZOnsJ7AcnPltrNaLxXQ2shMW8h1Mdcri7bRC/J4TtogijVVYYyNSLFyQM0lxFSaI0QlGEt4giD4TBuQqfCG0Ys2wDUmmM6SjIWWYQt+BVS9/0IEwTH93WOUQ3Wu4AOnwIw4dEAT8DBjVfA1DrB6qsnlgJZ8lgQi0Podv5IuyrA8wpftSLRtERI9Q8EzWp6StuwLpgkg2Gkfaffb4kTyPnBFj23OI6T/MutA+6qNXs5Zci0Utg15WHei8cc3hfbd3u2t1AoEbZD3d5kRTilJgnHlZAjnrhRCoxryuIZ/I3iAlc6O75u32mvseYKhwjrNBuI1yKMZG0rLzXZ58/Ydv1Y02KwZOmKYHmiCAl/bwPT40VxtIsIXknHQHkzapfDlN5U7TdITEJsVPyYZ+hp8hQLzvMqtpdo6TtrGc5Q8sGWXmPAzmRyuc2ikdRaSHBSo0DC3bUVdYr7ZDMGwL6gLjBGvtIAxDhMv5BmiCRklLun8DplLhF5LVrwIewmBmehk7tUP73APq9xnFesiKgnptQWLh0ZZF+mjeFqzJ+XVRtCblSNKAKJKD8zUfMGDl+fURhs+zggzfRtCn7AKB7FRbmA9BZj4965i9qm1RsKzrnlmfL0pe0JwwEvOBRAgPqxB0gq6kkIB4AQDg6ayRET+4g7kbp/Jaw/0oEeTYkHUtfdif0ZF8qOKrTezeezLoKEMjoQp4Qm5dmAqPCYNK5oAT/pc5R1+SStd1Lm3RVRTnkwmmxNo1nuG4uRA8so4d5bijyUkiWi6lcgUK7r5v/vDV+4el+a8DYC4n9drrcGpFjDZYgmLN0cGiY1Yy5bNNbvmMODASDlSOk10zTiy/JtRFoi0QdOcW1un9zTOu07qcpBzCR5QLolyVp2oEhISVCUpUYgJDKSvh3oPJ0yxhd15XcwcWlM+wdoQ39+N6X9l0woXtfmAjO86uEg2Tp4RqUQ+iIooKw9JgfPaRBNfCx0WGwPpYOpjwRMnmDD5h845alQN6oEDl30IrwuszU5wmZXSNjTxgYw0F1rvGFuklNhwBF/czvOE8z5y9F0XDQ/c/3mPjvwOZNVsIGzQsr8Lv+kLSef+H/BIciL+DmCgBvwXe5fRS8Ng+bqxKyWJg1ZEKeUcYRm5oEyHBiFgr90Ca5Ry0sCfhZxErvDX0QrMFgxHqQPxBxAEYyFzI0MMPdaG3Lk+LhAILlhZ2QpiA29tnzo7XEyRo892x/q45z1sSEVoLt/fMr7779XyvaQYWaZM0amI6/qgX6UizAKh1is/E7y1sAhB9XfT6PGbu0eoIzZjdCXq+YQ46f+oH24K5EY1rD04Qo+rYH/zKszWnCCDa3VnEWtZnwfMMBByKRs8PsVUO0RryJw6SN8OxYRodPjjMtpaNobh6Dh43GG062lS66HGTycaX2qLZ5gaL2AK1my2rJdTyZ8YDxDl5j+t3lI0reRjXOiilwdyFZ5SILRkD+RMiLdRnpa2t1o0Tjs+LnyheOMKA8qsjjL4i1uJY+cuCetzB8RNMyopQyjNYhOnTuPeIiWMuJNtRGfuWrRDYFQWh9fceT6RCmMrdXMEIvsWi2t4TX+/4noQCEQythpMeLW/pl7vm1W9O8EWzd6yhYfnnGwPRLnFYO1lxthFp5RTlizAXemdOkJSzDesT3UYze67BL+csQ4Xuy+++eP9Az9XhPfoCbU+RmuLhRH88A52stCaUiZ8JgJ5hYAd6suaMa5qYDVgfIjZHa7s/BOHjGjQeGkKiZ3WuAyxptlbJRHkPNyUpfLwnJ4xFxKkC4tT5o+SWArH7OTrNgyl19oGLRXIKJGz8atV6RMHI7Zg0oL77imQYUb8EnfHCYBQummGGiYJjuhYwQaBe66H1sWbsynlgYSrLqY1QuRaJQaGe4IYw+PIadnVkqkA+/L/DJ8wPJYH/wthceGBMeQkuNDys1UhanLIBgqCvhYb4GhYocntWw1EbSdP1VvgKzSbU/PnghSSVH+4VIkKfs472vzrC29ENhFGzfio30QPD40CYjUiFk7/UBrf9bhDmVNWOmYF0dlC+fC8qI4BWRFNJwr6BJ/ZQsu0KZb5yfpjhuiyg1R5HeF1TPky7oLSxbE+x8FYObMS3k4vfLFEIAYhaAJOQJPcg63+cm8GZONYsAv/p5B2C66SjsTGvRblgBTUl0asOHJlvkZPk2itTw4TLJmQ55JQM8xZKE2dtFnmAoUSY2jdT8sG7zympWg1MbmFS4uFWY+ETaHGO5tWoJOCd8Y4cn22iWIkDMZBLeAts3OEv1SWjdT13EMysw4z6IeMPLYg81WtK43/1etIKFPSozW8lH0ZSEISTcPUASTttMF+Efe/x1CXoSoiyKNzFWJaeaAVg7uCXTKoxLm16JCO/ROZEKeSA1zyN/dsohWPpj0VndWzxCo2BxwiPAQWaA1KRnOVwnsybPBmvPVE2aFBrIKJ/wKNXKtGb4Xud4bVf95hr/EbogsCo9QnTo9XZXgANoGsOM3N7S+IUuun2/JwMvF3k8+37l7tu9xkWpmSdaPACALYx3V/4T6MfLLt2e6aACaMjjKEN677mwFfK0z6UJ59/8834TdIEQ5F+oYiGx64TEJfeVnR3N6EjAcHodDA5iEOQhoAwUXAtJmxGFS2YW17NDMwn/geBpMG0AgoAk4BgvJ8VR9NcETMmcTVxQPgi1qXfEp89xYgMPhDfpKk/LKAClT7kXfYkJieB+Jkhrjxbi4WFsAgPZrogA2PAyrA3BGbchW7VJYqDjIsv2oRFxMZFKXkqtDdEC+HzXa4OHIZX03HS3ATloYPQTULwNnyRNUCbzxgORxxaTPJTMisC4aujueKh4x09baCtLTnoXG1+QsNaJHA4NNNUnGdinTpmQAuWidMfQSgtWxFh8fJDc1+H1agRBr3DCMuSxEOZyrX9T8f5fn9ZD/rm8FqP01bZUTMFTK02rcbTcAtNHSAZIXl0GII4gdgWiNsJHGVLNUAk6VdJiT4qSsoKb+4xrue9NbDYbxNm+QrIPbrtnPTfbb/LHso5gmhXz4Sr0Ls2+zlPPpHyBHMAWMUYAHx9C3Qhx4D2pXQdLYFug146R3fbD02INN/hjWZ4zLBLORiFkg99CHC5+qngp5gQy7RPzaBcDG7kiqRWoVTfK2zZ4q88Qued6R58dn6LYTSKVa1e+yPSun33bpbBM0bUFjBLyUoiKHokmGiCAicXkPGDCVkoxkTugJWE8CyIMbGcWz4wro+vgsDAuMDaHHI7bASadXMecaAJ3x4hoBSH1kxqcKXYYOoYpWQddDNiJ1TMHFZjBuFbF31lAAAgAElEQVROhIhtDDSUMCQb7XiK2vnkD9rBWIHg46wEn4MeHk7/YtcX3wj+aGMDqhSsuZ9Imu5sP9bGsSNQU6z2Wd64SND5zGAcTEsfNfyDt7MIlgj5zYmirdSGtrEPIq7NdT/fWjVMtTgKm/nCB5pKs/+0aXV3uE44GuBARfiEtWPMzjGEZHdP4DPlR0ZUECACKbv1869X7g6hvBbzj9OVcwnTP44oSLeCLuPWWsfTeCALGlOThNa2A7ZXkgfheoMquxbrwoAr4ONveLf2Qph2nN45Y+79WMJNdZEmo5YmtlBBu2AaGaNbZcgZv4WW+hLhdzWBi4jGPMzjtI4iOGFJcalXcy9TYA4HOyscvBPGhbmhPPF4hOnYPUsXTgRJTQYGTkMFdNPEj7MsZoYteCwsizauQLKoF9dq31KtMnwnwwJRkLgsvXIJk+Kz8THDEgqjn2D8A5HF91i4PZtgxilwJEFIPkGVBIxxiDna9hNmfKf0Q6W1Z570oDRozBAGVNCPqisE3zVhR190tMZrP5Pd1v/TD0OBVv3wYY8444HeWlGUoLhjy3kqbHW225tkNnx+s5ZhTb9TlASY2DrOEiDgBEUSDnnWYkcCBsBXOSekZZCCd5O72QfKQ7V7Tz6fD1L4EOkrXLlNeBFzTg3RH5I01q8wQUKX0JKEIUy4v5E1NjBJtxGKcPiDc95hHoY7RU6MyqK8HEa42+PXJGiZUBfuYGTrZ3m3zrgD1ZEqRwIeBwYdATrP19NgZkSUmLOaIh+pxmswFb8HTyqXZ8ERiKxpuwKnEkhGqpATOM5URHdV7MZIt4AHxhgWdeK7Abh/LAK7I19T24NQIFgqFhh3zwF60r947/RELxkBIcEql8xiAdE2lyBb8QucuYofS2fH6JgF2/2zqQxnnX6zYGue2xkbH3FMNfCQJUo61MQSS6vng1wTj/JGyx6rcJJDQVTzPZdPVBIY2qKR2R3IeldbBmxCifrG+IOt3kClbU/OSjY2gzSLXLWf5yR3ZdiyJh1XHVTjeArxncKvylVxQC4sMOUi6iiVHjmY/bsxwD2cMWLfNcpzLMjMH2RtQSSc1vXk12tefQoh8hvUxGUf20yTZMnvSBhDQDiQcK9Da53kmns4iijArvbYMlrCQ2OyOSImvDSiQAajwlgIBt9mTHd/7V+qgRFENphCV029CTDmz2YagZcT8xUsYqyvqTQAQ8IwcVMJ2IhMTcuixmTHtU1rw1wyGqfq7rlGNYjsZEWrDob6AgS1H7mgenydqApjRfORNdfk4VjjwKfBLM7bZzLsuo5fjiIC4OfptuDchgie1lYp8MfvOvVxCgnTuOCMVhElkOP5aDx/F+gjMQbIh2LZHFBKc3BTF9U1EYUidO0R27ZQSups4HEUiNYY62XtHgqLtST0xM4+nrJuie5dATqhfPde98rjmwG5KTfn/q2JHU2CTvpbGMr91w5tHHqW5PmU9Jv1ASvIYnUw+s+DWvGbJohCp9bV04z3DHxgcl+6U1ROvMFFGIeYyWedt14Uoqrky6Z7HNyYFnj/+OTjCcjvv9Fn0QfYxUSxDI8STWnISw6SvcS5wwqAb9k0BY14MBnssr83C4vBXSIuNLfpUENIlX2M8O0yPJqXReV1sCjaGRyNBsK0I3xX1woz1Tz6PMcUgxLzIWTpeYe+XYUgoHIXJNYFGKCdzOH28LeT6RanHwe7FpPcmINGnsM4vosJIRGgCeYsAS6Y+wlgx7jC6JMdHLlarmdxWSAwrdJaJAuagZPdlis/ubgytdAyJtf3c3VnyYEMRvCApwc+Xokx3sM7zZPQvWXj0q+7ytcPLEWRESAACQsP9xa0p6RlfDA67E8+YxFG3ktxKv6DF3EH0avW2967DP5xtWh0ozesezaFGcJlyoWQr6qGNnRBZxLPMCX88Xx8NybnfnIU6HD5hMjU/JnjR9Hhv0JULHC8yrpjjQWtoAkeD0nTc/Nzqy43/A3nYbm1vkFuQ9sIinvfUxDB4133ZgLy+bffyCHUbtbZhIuLKD15lul8yrZFJHEvM30v1Nhn802uSl+7TmAJ9vTHPeOOUF1AepMlTPdav0XH6oIzF/ygvgj5yj9d10k0CzMEEpyNUGhCNQ0bYgrVCjiqSdDSOFsY8r5WRDIcBERrgtVlVAhFK1QwP1o2AvNetK3wgsXXKvJsqLXdbYZocc65NCgmRKQQ0Mw+zI0UJ1z8fsr9pEsBrqALw7zF8ubcfHBIDfnyBOAkywAfwWi0y4Hmu5eEbf22inZ5+BwW26Fj0fQAVC6erCWPUm1QdAmHGczuQavAOITrMF0NIWD+rE9nxaNcgNf8j7wRh5K2TqH4UzZDgMEEczkknklHyzdb2Dt92BCFZRy+BTgDsDjzuYC69DZzE4RCOapYrsBJwQ8tQsmwFAa8JQ+GJpRo1stoYAgidR88tweC+535PWhFIhsreQmXJUu/+XoWBMnF/MEcKvygTGl8XhBh3hKq2wQYiBtL4P4UpcRTweqQ5Jv4H89Bo/NiaIiTSQZTjbWIx1GizIMnCBd4xKV03YmYBbB8RU7b5I6zqpbmURZEtjA695cnC4+f/rL2Hcb/QHgNd4IOYrwCB3CkHlll4WouJrV3HuOSzBMKRjkcS8b9lmSoyhVUCxK1uXzOGqUw6twHwfiddxYGtsrYhTz/qeHS2LXNoewc09lxBPr/DgXMzuP6TDuP0J+8jQjIZUJwe6YC1UGSaWOE3/owpLJeuJ7lsbFegum1WtgjPFqTPJUPtV7sIQcVryOHHdgJ214BnpOT4t3vV1rCfFGwRPeENccXNWCis808cODhmRNSBljDewo09IK/mHOCUtKUermjpGAiaD4YR5Iw4JpgQ952wPLzxjIBEdZ+WOss2ZNff/MtANvKWDgZYtv+U/+DpdhFhNg26cdphLsTzr1Kntsn7q27snPzgjGwOxKxHYLJ7YFFEGOnjKC9ZBhJLHTjGtrlk03P98mxz9+pvsucAuuMGtPjD8uTVX3kqANC1HCkkKsAQoAV7Q8JmCDMhJBhlYqC5Ss0Fq2E0bUlunRggzZ87V6DvZtwch05WOAxhoIWTAEiwcvBkp7dOfH5MeFmICcanZAjdGKDE9+CzgEMCS1cr2WhGhVYRHxDoaF4Me2rf2Wsn+eJFw245NwcJraHLJAr5aLYHEipZ2k07EgT31JDBiPhXzAvLW3zMbfnc8hdENErsMD5MCqc8Yr9xDI7G0PBiRo0M3by4liqkrnAs+hbBE++82AixklSlZ8o6cHxptiQaTFHdGFlPI/z5T568jz4xHPU7cyRfyEagsAc9xB9KxLjoQI1COPTr4MGBZUGRRKQHBY00yoa92RyIm+AS64mSSmiJYzXpTCCQHJHoVd0w3WIRI2qGTnhyC3zohHbuybEsfsFrD9GvzuLdNZQhqTwzh5Jalcs2pYOx5/oxp4PLLHsHN9HrMq4On6tilgYGBePZ4GHg47IPv5E2epChRDM8OYps2bxMcAS8ISqZUVwvdqcta11D1NGAeuPeaB9TlznK27M7Kh7I0hQyLVsNmXI1hYxo9iRtaxK1sbM821KC+L/8VwCC2lLn389z33TwVwUEgfqmEfADzC8y2uoFGij0FXXVKhbk5hDypXufTlVBSpIIjh7JkpRJTZmg+fcZwJTJ/BW5B59oHVxSwJROfRD+30slSnOr4Bk8fDPRqcJq64bQQJ3/QlYN7rsXWVAfA+E5bbm4vEZrJu8WDCCB4kS6OS5PBF7zj2LJXIbkfTgIHJUzoeQMwqFwMKx5A6T3BvvAeaxTrvm1zsGWh7fZ3ryRC8GpWpijERRxPXafckiGRgbh4atiSQOtYFDootOwPRoAEXKcB4+Bw5Tk+YlCIfsNg18N4Z9JWaGUYiL0xCClaHen3qnQre0kGTwMD6tiRAUsK07Cvf9s/1O3AKtYeJxAuN20nXDQACRHKAVmBV+VVsqUHoERXjA7FQBWFKOBoeVMu0KFQ/n59wMLa3WzDXgGXB7TCAMJFwJzMC/QvsKcajdyjIEr9DCORtW++q0shgkuooqecCPnMI7eSbKgnWNvmaz1bhZyHJDwCCeCZPA5CQ8gxc9h7Gikfk8Te+mKTOhQc3GMTFA8StI5YNgNuv1XDR8GQiCTmG7MLSa1iXwMiE2T3vmjoI2aESOi4iVuHtjWjcRo4AKFGuCUik/8RFlGgiW+3nYNgs9EZzOaTRCyXqjiE8Z/Dvaz958nz9oyLooZW1JaWKNEqxJxRWhDQozd+jNmiJkKOfN5zdz0tMarBOl02VNzdKqxUtulYRTpyEyZm+fYgYtNU9zdvYbCx4coqQEf8X7cSaRCxbAjOUEiTyLmhDTmpa+l4HCf32ijRQK4eSZsXWsMMcKLDFWWFAgAdqD5616+Cm+Bn81H3vmG8aY76DG8517K7gZgp9QJmUjaiyE/WR17ft7+QqUPu1dRnp0oKgU5vpZMrsfshhoLBiwXJKQwXBzxXsxtipazexW573z4cC4S8vnDYWEUNedjQizFlb+aOctoukpv0C5yWXG1TvhlqJNtStoQYbeGPfOh7N/gzyGZUNiO2DOapiUfnQBirGKCGVwcFN1pY+GNYGWJ7InTBxF6PjvWl9l/5oI+aI2kCgLBILjfDinYxB2AoYys8ea40B4oRjOzK412ACpoFXz0Pe54BVKiPGgrLEi8Na7H/au9hC5xwmeOLDZxV006O26bgDHLwX4s9Uo78OcKUx98k8rNVFjKz5FaS4olnlE8ikaLAKjZUFpmAFK8oxNqx35HeceJuZ5RG8iUOAM4cPU7fe9a70e1AjsmfDATMbu6uCH9G612KnKtXLYI6oHBmdBBDEGA/I7JATvGgam769bb1nghSXzP1h8AafaSEZEeDDjYFR4DxYx9pezK2Njor2NWZDbiFmj1xinUNCBcCitYAXDRePaGAExCbzv5yBFVb2+tOSlgs+t0Bp/rOstceL6JCXrZxDCgK5W3AAaj736ewEnnG84w6w+azsiX719PZ0RK6KV9aospb8CpRMIhRqtDhyjFy8/A3PRtvJ9c6jnAK1/+JBp5L+YLbcIUsbRKtoVxslCpCxeMFfKyfQqDwIqWBFoc3Z4Ek31eljQxCwznTDtfbT2udo4edqZOA4fCT8I7irfguPuSYX6VGTQuQ7FDfsFcw0y/fYbjoFmV1WLKvMweBV3zhv68n6q+i17hM9nhHKfD0de5wl6cA7TRWhOBKv9IGHoW8wbn48p7oBSfIfWIJtr/9v2IXtmHJpNRRvh31J2rKnO7PP8ZxOqBxhpY6hlJGu5+7Bo06w0VIarhUEjbI4tuggzHtIFv7ZHIv9EcXL/Q5DQvQos4olOGcKUwWFWGLytqXTyuJxMn4F1O6ofR1HN5/tJOiJctQgt+V3y9QTkJxRZFh5gaTpWE2txrq0nMs4xlprVCuap3C16PDkprmeM0q3gBLpdpChzloQjWueamnCEVjwrzdpptEQbXNieY5FYe9zrfYYChAGhB1aaZwJRWBO77CowaHbDxkJU7iKtcLrTL3GIlBowUaAQyuM/sakMv3SDpqiVAz4VACx1sp93o6885qdROrjQ92LR4CGYiKEB4RE2+J0gC0qRkHq1ZVh9ekOzdg/UfLHL9vPffUfKWofKCC29myYM1z5fPFwravFNlrR5pBuhEQk6fcMrLNgJxzGxv3LSw6RANASjRI4+LkZodVtW3rI4Gxw7vci7xAjqgz0cp53NPiM48I3lGJFqao2fM8d0g3hKGA/CDt49nYWx/TFCQOITh1DLTWIJZj1N0mAcNLDhSDQiTmfPbyfgJgdqwRfgdwUQUx3kCPrnJ2g9jiCZyRBHHwsKPximhHH5PMa9Ws9UPR2Ec1eiDRZaXEJhldnzLjqFIDx/peHHqFYyKCbHiWVR9bGy8FpNLQ3+Wh1acszpicWkiuTo22gRd4H38dATGAUyKzDA7vI25kp23x0hUj4RWhOVIrmYo6bSm8RZQj/fAJzzIV3F90bvCJowQcYEH+GfxCf8H3kbZ7H1ILr5CM9AH3xKBZl9P1gGwrs0c0gYhLqMi6JG9omwdkYQrkgezjmvCHmIYE4wxv3qmAW68X/51T8vAcyRt2gqMOnuWqLt3ZscbOuFeDm+yRFGitgYBKFFMHa44DSUp5h3dxjaPdElS0RQLZT37rN7nSyc7WkD+s3CL2Mgt1hi3tAW7PBi4ZB4Ensj5D37JsgmAjHwO7iHrLtPZ3wIyio/cdAh7Buamu2/MZLYHYFhdETsWHCccaMzw7mXuUeoj9+OJmM2urdHG7dPhYUL6kAuYY0N1E7U6Whpu8kLURBA8YAaTw/GClzmCp7mIT/7RZdmUwZ5OxAUWpK7AbK5QQsOrtqBPyFH3ke4IgViiQTbmiGW480fgX1qJo6m5bOjEM4TufcKKljPZUMGytoTSCdhkrjQvR3oCWRMebTmdPuvh3CS1k5IfV2mjGU0LI6CvARuPzJWQ7MbN/10mZ8RukEy9BV9ipP3Y/V4gcxTVr2DE4J98AcmmlAuVuXkrdQXRMiAcKzLCbV7EplrzJxAUWTWV2P3xbffjf4Uj4G5lvI/xwyzAPoKMKlTQUusbv9+pQzAKMuDeRKaRaUpPHpyR+QBBxGG2IKxEUvHBmGY0Gyw6oTZ96c4IeRRDM3CI/RZLfzXppVlVjb/h70P5/4W+LN3Pliu0IRkhZPAxGTXOmeRFsvWgSIQGWtS2LdsNsoOv4QiQ1nBjoa6Enxvj9twO9fVvzZf6cPBkC48xAZW4AslSPoDMmuaXagBNBBWwFQQC6sBnGMesuuuQcsinCzaaExJOOyvA54fcpXHuMBasTB8gFBgohbXQlFWT/HpK6zvfjeIcaJKWB0slXELaMIYQLT4Fak3CzC5jkeeCJ6zqb1I73GhJqyjY1mgzk+5vfnkaPagXXstig46EUqXhKjVh9uh8/L5Tv2e4XwDDlgVmB6fgZA7mpmOI1COkcJjB8aeXlce981rgKYEPjbGE3SX/k8WOQOh2moX6w6c2nVE2EI5PC9UVDUvko0GwyhZfGeBlDjVBcbxmg/hIozwnTuOKYZSREoQBuDHNOg9xM3pd/ee5hKt2/71Jytn599KUfYzcI6IxmEnvofoz3YfVoal51lUgd6LE9eNwrY4WDuefd69fwgFPuWI6V3H2XTvH7ZxZm1QLWsA4lBAx8KiH2mPClMyR6mNoB/sBFPsGabr5KK+a+dZjGYUTM2c0H0oz4BNgalEtNzeCr7dtUTJLHpj7PBXDQze09sWJuA54o/Ts0smhP5V/1ajZSq1UOmJm4KItI6oChZbvsmfqpQGRmu/dgolF9gCUxgIIXIpGUvj5E+bFRCgZdMJom9trepGoIHLGr3ySQYrhGtAjF2Ep+zxGaYYm4eOOM8mykREM9+m8ykRhBxoDYLyh3961oPw8MZ/d/aaWPIza+IZrayLSCOeVDg+8C35MvZ17HqCQ8zed+X7uFvz1NOlxODDgkDwKInx7SicD6JmhViYuJ3vsfbwD3f4HGSmgVowHZqKqALUrNQ4H4MyEOpsIFDrJJxC+7PeExgTehCYewbJbger2HsMbKJTvI0I1AWj2Xycu23Hxc/A8Se6TijXjDoaY+Yb98BcJYLD+xnZ8z1/JVOMgSO2HkeIhwcauqHZx+rbcRNT9DvQxnj/NHUuH4wSZBK6eF3lN1fHeRSh2Fg9CYFjiisczPPVVDJAlbzyvBLFjTitBAbwa1aENwagcyUMLy0ZE865bM57YxZr3zgnnWJPBGr0Iu+gcgK3k7+5rAnPQJ/jK6GqYBwTgYwbgYbpeNZx7lFgSmyFenUyhNb0WC78/G7vNHtlBQJTqfWsIQHnwnebQ71XEza+N/5eUhMFTNg/X2oPGVS2G/uUA76hEBPBg94oUqOlU7LrnWW5i6Xg0Bwe22dUDpgrquIczc8OYGZtwfrWhj4Dt6AYDyvae5U/rDfnhxx4i3yDkFXijL0WRCoLXvXFl3+Y9aKCB2Ku6/eI8MxOHRWfG5bVWmDteLU4RPNj4ZxEQ1MyQb7KXzFKNY1OVQF76+dPe/8tPsMA4h1OOvUxaJZdy67EW85s2EPuJyD3ezaeAygZ/+ijF7t2GSrgB/l4dtfdQUCWCXM6y/MCLLwb2E32+s2Pgxdvbl5v4pbNIyzgT7K2i8ZRHWsXROOKex7MwYOIaOEM4+ixaKBI8XK+mJ0GVQoIEz8HcNSSwivgxuUjcA1QRx2Uj2IpDiHcHN4Px1MjaGi/PYPonDRHQuY/PZAcM6zMz2w6ytE034LmOKFZsbiwrWrlazei1u4KI6vFC7+6mYwxqzGH4OHz+W2FXYEn9Umji4rI0CpnFpl7Dw20KPtIM0S92Jq87VmCq6MzTQcs2eyU2DSHEFhpcWqg3AeUsBgo4XO0Jb2XOQkKC6UhQihZruCse3RUEgdSmYBE6RhbO9Yx+3od4lQAg6eEGtw8BZPOIQfWu2Xi+IP6Ib/9ahbkvg1HdOe4naPcgTHVYhWOHU9NYGBiPvWAm33GKVEQzaw372CgQqoiSszg/XZfCbfAp5NOGB/beLuH2siBWWKlsDjzSXgzIWHKXR6w6YNMRCEIHKxqxU0sxtV57yDMzoVXcz3e39083yKwUefV6y3A65eDV1iSZXSJ4gi9OOC+nlJq/TGZ+RO+RzBQsoaAi6TQ4eKRkKCLN6iGwyczxVSGDA0lUlCJxaBUBEey3ISIDcccoSRvowCM4fYczy7Hv0HRcPquGfAzFjXZee/UIpCSfSkIiFCGpdXfRzANIfjHJB3zcNt0US39mEEe/RUUm212jvAfpXDNgbV+P+hpghihIBlMEAZrNI1P9fEVnes4DBQ/yuOK/rF+WLl8Dwp9rMdzFEDF+qipkxjcfnATnMohP8OTwuAjLDpijAXmMydM0k/3WitlJxp6upkrQVG2jglo0Fcht69CAQp3CpqcxZ+lUgAeAGpNODZPsQEpC48k3PW//eobVrxkCaZ+L6Ys3RNCxQdhZg+0YWJoT5QWbIoGh8HQCgpTUQUGZTQDcTIWjAVGaIBOp9xk+OtuZxvq5M1y4NTfUqbOOKj25TiEPK3lW6jXidAQnYk8LjfyDKGlRT+2jlKXLf7jywnBy8Grxx/Fwg9Plx3eyUBAgYfBrA/7M9D+zA3Nmie6Ln3MD3ajshVnl2UGZq3ZAAyvlWUzEd5J/kzterre7LpN3Yru1FAODYU2jQ7tW78iXuwgBAIVwboaBwR+qKol8EcJN9EqhCGrYtYZweGdQCK/43+M75wKy5ZamAYrMQbgDHPi/UIZLKrccqJcMAvjM3GJpm6MtzbTA7kf/wsITgZ6UU/hJw6vggmzn5DyCc022foZGxwwvcNRy0AJq8rOnBjn8XPhM+rU5LkE2lZHZOCJkGm1EAjWrnA8f8qe5/MY8SQwo3kJBj8BrRyBs8+YIWnlzTwQA7w9bZYudGAejmTr59tRyB5qcd2YH6uQSYKwm4ZRprO4LDYKn0FhfgjfIiyO81gOJoul2Yc48+/cvwsxgRfU4cyKgLmIHKz68ulMAMV9vOLZ8/1MZIs/i4YZF0cjcEjoXkwh5B2YFjO4SMYLnJxd/vB6z3IPyCzJq1mRnwat3vxkYunl46ubV0RwrBs6O8XE3Gi06RkyyTJFTNOh9DAWzEeVbiHWd4N3bV8lenMYBmijOWZBgy42YWNhYNtdBy6+eocZxTKsizZkseGVTmUS64nd1flZBRN//BTkcc3OAgcNw/daAIU7QdeHIYch5yKkrCcL1aYrt/xyn5gexCCH+250knDbokCsI3g92ayaAO2bg2teY+sa+Dx+B09F0+PPGaRh1EFzjQB7QshJKNge8PDhgNSahpRatkZAi4dFWVQPQedn20nBX6xD/k59wcZ/1vxgPUoUCvtPc4/aNSE0KAGwpFycNRPu4d9ymA7KDoIREd0mrt/u+AM3vwOTcJ4hOowods5y4BBh9Ky23c2G1tRWfH+cRAh7klMUIqKc7Os1Aflone80nZsQGp8u2phWymWe3E1IPnqhQNIR5enCyAjlvdvekNa1Jb3/2LKGHCng083N8+cTtBc7i3cCc4cwTrje/vjDzetFrt68WmYWIs0H+WE/v0Zw9pfiyHfzRTzHAg1kboCWonBqCyxzH9hVLqAo1HVIZA42DBO04Og0dtWZHYeRMM1iZXwRoAxhUMx7i2D0hGUBnrKe+z/2OBxp8Zml9Rhf8EOFhTMLkwBRpAvMSokMjOgOa9ekcxSPkBtEIDE6C38cZs9L0V/i5UWSGC1z7VTiYJ61d8om0Z10FhOs03zrAovRBrVjMPIFix136rH9vHw+NXr8i48hvtU6cJf1bDIuihF2hVb5HMJFep0R9HjYqctTngRvsOYqD7LzWBjD0Cj3/MOV1u5N8eoVqXMPEH4Z0R2ej2K8W5tRzhRhCBRdEuW0yJYwMP7R5vbrHcFGRlhUhrXAmqApwXpof0tBLr8ifyGTsTvwB4yGYGnGyGBvmnlxDT6C32/vh9la/BGg1O3Ns8Gh2/kMvm8EuJ2QPL9/5sI8ffaxGPBOjbdp7rPnL17Ypv/VkW4E4tmnz7VOr1eEeLd3PuxdT1/+OJl4c/Pyzatt1n+4ef39Tzc/TWBek82lxGXC9DiY9YCgkDwk0YnhOC18sCb1pi08STZdH5jFRzshLOpnHNj8GELZVLcWTgATR8NOCeaiY52wEofZYXlgmc6kxiTrwVvTeFiVlFJVx1k0tKIIXkuHxptwIbCo+Gmbtzuo0rXQmpy8A++Q02GQfI/qsYJrbKwqK43T29yuMndkAvoYWcMXRbGcMQi8GJuaPSE4G1/P+0i0EfBguEqzzO+xCsK2wWh3HxZqZTiFDmBgrN7JjWgFsUjkiZZLQ7ERRIAmOu+HHpvvrcci8BpyVmy9AMqBAEBDKXMEsXMa+VtJPBXJuhjcajMRtjkozcYAACAASURBVBGkLJ785ruvDTfgd6h30E4m83IqCT/d0rsXxeSS0dWQBB7eJRPP0rQHY/4+0j64wyR55R2JPzXMPppQ4Gt8gqV4Bh4lSjKodL9N+ZSZzGl/+nSCQhkLWmXvud9z7j775OaXW8TvJ9HslP509989/9V8ipdq4h/I8m4PwNOXr29+evXDrMqIOGF5/QPVqRTJMZxN/OHVOos8WCpP/6vHrR6VpGgTT2ZFtwM+F+VSQPKEZWY7kM8XIaEKw6CVcfoBD/WbrUjPxVdzxRA4pXR/74P+AiCED9biZwxYaAXn1ClRjeznaMUTVZGn/b+YU/9wgghj4VTGWEfz8zwgqrIRaKHGTeuJIsNKsoaDUCACM+JYJ60U9AGr8xlJOViEeR3r53YHImh95v7wc9gNVQVCtFGQ8LWGyqAGkBq3ELRCTq19P0s9q9m1qL4Pykd7Nk3p25K0I4jhZ3XZNExt9UeRP4MVRlyJKZRjysPvCOgsLoggihdgIJsOmpgluQtqk1gkYGDqglDy599MQNBgLDpsTuiVMJ6MM9I9x4UaMw+GsV+CEnWrbDAmMAmae69UQBB+WAYXw9j4NA/MvO8/AtNRhr6JforfsbDsw93HRq9u53C/+OT+5vksiZh2UO/TCc8PmzjZ+ttPPr75m0nzv79+uPn02bM594Npj7M6wJO95vsxxvc//unm6U+vb354/f3N69cro/7x5baST6N4KNAiM/NJyE6/fv16DFuEpUJGfJHwe3u90U4QCKhRtMRNURIfRpuPY3KMcHLdM3Suud/TXpk7+1VYXNxkEns46jmxod4gAdz7bgrow7l/wjv8vH0/ITXkaXcZxtVi5gwjTESVjK8dmKGYyFxPpxGpU5Mb8HVOeNb2RoxqET2bbAB6ds5hQQWCBQgwQgMN0LDMtzwXulLvBGcf62QSoGgd0S58UkPfjJ0z3W0e0UjxJd2PrhrYvVREbGieH4glPL6Bz+OpWMMDVfVLDCBEMxUtAjP0oFHVfJ114wN8I8ru03d7zwTWA43gA/IjRAuO0iCqqAVh7jybMC85olyOj+jH9flX384HDSPX+whzEK5FW1XrRFk063oaVxOiREfADGohRlIPphozbKJ0agQKsIHFhnH4HOVBns3PuJ8T/vBsvgdWYr+/GIx6zr/Pn+sTfHr74uZPFjpOwF58su/f3/zx+9c3f/fpBGQa4ZNPM7tv/rjPt/A/vvzTrMb3N9//tPzH8KrOOtEMIjM49m9eznmnxxWCQa0Wm5JGAJxUNLHO84j1wQkHvlwCc0C46gfNGpG9D6YkSy9Wj+k6xRa1kYC1aQih4/m8B8dT85AAHIhX+clZPGAejxJZhaW56WqaYRHgsThZK+qhGg8oQBQv4yiiwipks3Bq+3SwTgYeweNHuNqOu2cgYFRBX/1yYSbq5ngu0BPWvxKgWAAEjLeeSKAJOS1mAQmFDi2PNTOKFFQ3iMPztIoI4voAM1Rb06AwUAJYgSruOlOyfrcqjBP2tgWpa8Fj4foUUtYJBx5EBJxD8QlmNzYaNaDYlBjJZfcdnyngWrHiEoV2GB9DelQxacX5CmhZ4EHnBVJ6QroEjce7Mcq9zP0XPJgdh+Y/iGztkXcv9h0JHxo0UKKM0z4INe1/Owh3N5/j5uNPTtvS2zndz29++cmnN7effezGl0+ff3Lz551zfg/8+8WeMRP45vsnN//b/3R780f4YbevUeXNy39/uPnXP741avX+L/9285clCN+w8WeRLWjwfuHeVzDsHPanFC8C06zwnT9CVIdk2+WD6HjDRFkD/niuIYJ+9m6E5ytuFF4ZkmyDUGdxwCQdlKlEjBbBDHIrLOCJTMnv+BzTqjQ2uOCWzg0QdaFUzgcn0QNbIimW24OsCpIUfuOn9qhwHQ6sKGDzq/gUZiGETXcxlF96Hd+qYALciEKMsTofnrLwko6eCKyl+1ngfTXvZudpZNr1+EI85BzZrUM+Zudfw8YoguhQz2Oy8VwDFKTXMb4BsKnewTaNw57AYwRSdjUVFfnjKAHGhrssZsrK7D0fWv+ogdAuJ6TrZdHoYn4VgYoNXs5e8v+GzTWgCMjX/7z34BSyEBB0EoRvAb7jmZN28yIWHSJhIwCRBSmMgFBjheMEpApKIfPkMgy9EpIzYz7LMf/i/bOiYXfPZlk++WxvXe+h3fF8FuGTT385f+Szm4+ez0I8X5JuVoDk4d3fsXtvDL1Skv8yC/LjJvVap+qjm//z317evP7j7c2fflozsu//9eZP80t+HMHv54y/Y9PUbnrzdh3AgVUkD8e8T6exsA4eNWBIFmedilBtsgzjf1b54qDrppnV5t82Ch3MvmfUCRG4hmZawEDcy/eFXFN0hSgfNVMHurlYOciigw7yDpYBh/B9xPlEWlpc/BaNuVK3sfIPMxAd5SvldOMTuRJb53wLd8ihTVHox9rUegj8Hc5HPh3vyUHZZd3iSrLzcoQMhmX2GDqTp7AJibZCpEa0zn4OrJRl5HQwgbwERogk0WgaPvNcA5RMQQjYU1uggiGy2pZvFRMVvif0rfI1gvKzw67Pu8nZQ0zKbz3oLM9l+KUkT0EVBCNAP7SC5TqrPlIeHVCK8PZn+0EGsfQXMEiYnBF74bM7apjIZPMgzvzwGIsTziMEK4NGcPIYXEjHkxJICMqg026/nSXhOR/ffWL91lvg1Sb+ySfPb94sNPt8Me6PP54/8fHg1rNf3fyXX3588/KzmcPVVr3Yzsnnn+3ardiPe+j9aPQpRN7bXu7ZP46U//Yfb26+/8+x1KJZ7//4f01Qfrz5fsS7f8TnmOZZROthAoJTTm0RYV7i5RzdpQ9AdhqBkFGCQJWyV7YAH5KUUxG5iH0v3jb4RBh7RZEwn6fAIiwIAXv2YQagKji9KJXvPNBAZtRXwDgwljQjCousfTF9Eo9cAORA25VrcR+EUIKBldE3qoSCokiTtx2HFynyTEgYF86wvxkciBJIsIpCsb4I1FVChGIwqGtghjoB67iUMK47TCicqUMiczZbjdVdllstjjCpDBC8ghEf7TuGUsUu79h1NLFTMQcR9X21ygyyelz9JWm8d8ynvQUi01R7/z3s3MMCxPg4WTz3WuHTcKqXqgQaV89mFAvFcfI1brU91QPtzRmdvtqGqZp3beBokEmZe8nJDXAMGgzgRngUK5i1rDcxaKtpiXUDg3DCeS0RKMPEOPxbLKzN4NSzOeA2U3jxfJW6QK098cXqp+4/neP94uaTX/7y5v75pzd/8w/Pbz65fxzzP735H48wWM3utH/+w+//tkX/0yzFy3+ZTzvH/NW///vNT3PUv+cYg2mdx5frSbvSCcK6b9+9LCS6SBel7e5NHy1x1nk4RZFPKYlXbuB8ciZbKtoJIXwIhPgVR3QCSZRHR7yqYA2DzjwOIc845fPyRfvXbV2kdTo9aIU1MEZY+vW08D1jRMsRNSNbTqKOLC9O+iBLPg1aGwsTGxGaZDJWLLtzD4HCGp1tDKf0w4CCdUwJk8gbC6m6PkkzSr5lXBhJj0OUoI+C78VQ9cGA42S4gRWYVcZn7GrP46zxumzC0IWUuSxescvItaJn3zyBlHdTlvJbt+lrYLHxhyrNp0IcIQeibRbPplR26pQhbaO9+C8kPvedcC4BIs/krlmsE0rIXsv4sFCCBPPWiuoErFHmMwWAsH/51X+dxaMMAU2IZpxUnb3ixJyxKhQWiq2PtFOZrwACDSw3gagdduPZIAgPbV0sTgQX7hkTkPslZp4v1Hs3h9xUzvNnNx8/m/X45G9u7j/5xc1nv3xx83e/eHLzyxGI+NCLs4h/JRf/jx/Z1/wvm/iP//7+5vs/D0b9x19u/vPhB2HVA2Hc1yP6BOiRQsX9fXj7U+14qKuirgSCyFgEKYhWoc34jDxD+QEsheXPoi+gjHEjIYtRF3yD4/gZUpNGqyNz7OBrbgTCEZGC6FgsLFQaij5PasWzLu1ujH0Kzuxd8ePGCNwJRcuoCP6BUPrWhniDjR5/vetp+m3CU5Ad3LKDIotMrN8Ogwi++tYwZ7AdJ7vCypWvCqniQuYIcvB1CmLOeLDP8iQtJQLDQ4F9wERgC5Cxnljc3Om3PCSYZPkSEUeCRfgTXHnaPsHUjD9FRWQtLGji08EgQeW1yLRb1s78COmzNXxZNEbwxt2nU/LnGAiMA1HJGqUjICgjEBWCus9++8WcdIoH3c3XWRVcaGtMnT0sCJI8ZgfjOuCwIlzzZD5CoU5K2DegPQe8SuSKflXsO79dyfvt0+dGqF5MKB4Xtv2IWqqbF7Mg9ze/+HRZ8I9/efOrv72/+V/Jh/x/ScT/63OW4k/TwP/HTzP7//n25tV/fr/E4F9uHn6agGwxf1pDhYdXawGz2qzHV0szPi6SpcM6RqMqFwbE2YNp9h+d1a1Fi/8mpWXD3RHHeoiwiumbT5BW8A2YF+xKKXfxdE93JWrDxiTWz2w9Vph6MLQ7zjGWgs+JzBT5KvmGQztajlHfWjw4+k/g69ACfYEQ3nmup88vzA3jTxnsSVQ6g7U5MQlYo8MO59OgjvyCkSfGA2NoS5y1Ua492B5m5hw6dxBlghKFeTyOkDs0NfABAkA4NnBk/dlJOKtw9F8GbXkMfA4cnADZgwAlQ6AEIcJv8jl8D22hx25CeUu7s3uVzy2mhOqNvSpy8lmQEyFGeW9oK1ylFuvd4BdbLtwhCeUmIE+nYRkXmX8+ct/TciLeCxOiuL5YNW9nRZPUowyc+vthePyKfXxPfQoChYVYDoCqWePFKE4MCSadMmXKUyx6JOG3+NJWl5KSu0XH7hQQrMizm/vPXty8f/GLm08Xuv3oyS+Gsp7c/P0vZlF+NV9jvsj/QogZovw3/vlpF//vW4w3/7b8x184YuDP5kDevHm96NXKTH764ebNYNfbNVh+/2pOOrkTmNFDZFjI8DJQi005zPWW3Yhor7NRqY1B8EJQxNNw6Si+z9zgKi7mOYQ+OFIYOJKyhbvwc+RmHe1TTi+OLrxp9AtJ1J2AQbNsKknhGDkGQCA6CevF+7gHoYLjwOH0D8bDH8wgqYYDKwJgafGbzrkZJ1z60SJ9lMiUG1CCi2xhSclxLM+kTtcgxJi0CuUoiA/3WGvE+Khb2hxtfjA4blDgWsB8GOAP47yKJ2HHEqD8hGBnvSGxm5XwZrV+Vfh60pe5OgzFPptTnFBSPMsWAF7Sjk/8B4sO2VTFATwbG2du0sT6kbJzFOJuqDEJCIKFKvNPsac2l3HQWfHLL3+3p79QE3hYPQTbwhnNwhgRxiWHoQOAVto/NJdObvcCrAn9seqXZcJp0aunVO4uROmejQnVx6ud+nj+xpNfrJRkRYq/evaLffb3dH27+cd/eHbzl3nf/zBh+8dU9n/TH6byr1vBgaubV3+e3/Kvq72aQLx7+cPNqx8X3n38Pn/D0vdh0Pkkbyh5tww+phe2IAhagvLZ4miEZmFhdwYyJqMbaNgpgyUsCUeKr6EkGtHOiNDvaHU7/OnFxwgfch0wQhnh6q7IF1Eesgw/Zh4fh/crjGwyDTbgZGvAhEg6CXt+oVX7ZZ3y+OqpYkT8/wcTHcdxxVXgrdXXqOjYzYkfZPDu5EfyUuYPmMCrOBSXl72FT4SRjASI1nsVTIutYLarZAVCoCjyOeRf5OkIDn6usBWrtT0fwkAgrxlJOLfIItExfdy9E4G+pXnDeAw3m3EtIWE0zFOstlC65kLIagY7y3HjxZHFYjDufcQRmWyNsPD0hJTt3zYLTKdKwmvs2nzy9dffjFyYGBacYkFmUP5Da2Buo7nW9yjTyjkP5TX3+yxG+8pXj2UYuDzJ04Vyb/eXxOHHc9RffDJrsrKRF5/+anVbn948A1Z9urzIP7IF9/2iVU9uPvvvsB5c+v3G9ecx9p9nSl/+yxz0JQtf//CfN48rM3mzTTBvXq9wcRbhYXmS/WKpCc70A76DESFM4QiMpnfBRvh932mtehsyIBDMFAUQSqeavRz0y80Zx3qoOWEWgROixgK9amMP9wpNqj/yWvEZ8A06EplKMHWN0Y6Wxuc48m5z15srjqbb8olVabT2AoRIePtTEJU1GzN7hgqOv2sW71WACX/vM6Jj2zDHXDkss5LyPZywvjyvLVOY3cONMN7NeiL0MiNzAMtIqc0sy+eBn7FoTKnvcmqlsHugDoU0Z8bkoRUdaO8DD3k/SglISAgWYeN3koJUny88TECIF1pdjs/IfhuVOlE0IlublRkJ1g0Y1o7G91dja9aC99VQa3PGN2KVOK0ZiLUolvKtU2cNZNlEHUroCb7bTba1ynGijMBeSGojBGkvWWb8lv0Z1F5NWv19fgfl68C15zjoC+3ef/rZHPXPbu4+/tub/+FvfnHzP//jrAyrj6CNIKfY3d////6wQK83oD9tOj9O27/6149u/vjnvyyr/h83Dz/8Zc7tw6JaC/cOXj0MgrxdLdYbWmSSIwFIY0kgFv8ZweBfxjJmwHllsYn1i4dHA7uiwMTkNMYOOos5mte5gxkUVnafW43LttWTzIO57KKS5pRJFUCwPbfAYmkIK1H5t+yaORT8lwQZhgW9E7pkvRCuo7iMqO3364wCYVD+hU+01xbyg99TJEselWmwZEAoFGObxgg8wEw+wpzHgUPMnVtRNAwZeK1CAarA8IwbucjHMcpsvu0IAvMlSy+9oTWhYpQLuRXgHD9jtRkLKgMYmR/EwzyD0GbpJx+iggf9MJysnqedfcDrWcmoy/g2VhS59WIot0LLNJQzSs+7edVvJiAUZSntCAkXWomLd4/cVDaMH2MNFg9mXzkCsipaAj/s/sP/sDUQjdxos7L77leE+JTts/v3bg7609VRPVk+5MXHn938Ytbj7//2k5u7f7xd1Or9za90FP/7//xxk/m/OzsX3jiP6wwPyd3lnZQsi7KUSInTOo7rxC0KFPllTWzIifrL+hfaAmlzk6rIqiRLIikuySWXy6XU93nOrFEURQFrE5m33e+bb2bO7T3vOYMz8zwJwncHo3Z4eNjGZ/vtbfIhs0k6ZCXZSIeTi+RD3gXJYjKgxFM6C6KDgNQZ7WweNEL5uywG0+TS4HpZiQd3CDOMeQYlIf7CFSi/3UuUDdICCHomG16nCKscqyt9XpwZUv1vWcxyb9TuxhXdz9TlYBQIFp/CQiFVBfNihWx3KopTG92LYf1pnpbNSSh5CWJG/iJ/JunLe4g1+ZDtbrSW7AYsUF2fxffobE/szTttxsazsbYIqjCmUCgSX/QOJaUQQN2pKnKTecy1zC2xaQsNs4O7Pr9axXwZLAppJG5U4sLS5OSIVDpcl3lgzgGR1KhxAclx+a1aXatEkreO+yYu1hxW6KBlBmkEGghAlP/RMYdFkqDi98xWBFiyokwSAlaw6/wtdBASWBb+My5q0U0OcVoP/JwqfDL4y4cpxcWMkfPwGOh8nkIosuCDxDeQDUdBrUgargfWXY6btREh2SSTfmPY7sSt+8Dd836v5xnX63EC8dPldn58HEZvBGQ6bpPjxCGTuFOxHhcRDntXGUtkAbPgmFXOqcPNoR57wO8015lcBKDDwLWA9fMMV9JERyFfRi2xCh5tAJyMk0E+pcdxnCBc0TYTXjAqmnlOBxhdd+pJ+DNCsOBTZUE804Rrl7bnfnQXYcZdi7z4SuW+MQNmIbx7kS+0LEPOvWmXVOfX51o0lu5InecDGkswPHI0lSNZIEO6jFzskoRe6Xf8+bp/IXbklRa13hSzuYI202MDlhWpgBerhCIAok1tkHOOEARdSh01wXP1+S1BkZxpLq3m3I7rxGCMkb/B3TIEwIqWO2oh2aIuRVcYYASWMrNbSt6ZRNiw6iqVOgZhSGO5xCe4cfPkcJaS5ZcYSWz21T/9NlaMugseCHYTaAZ+JvXIaAOknAdzzIVq4LeRCMz8QVcH2V5J2lzeVgRhhaPYsCAREuo7QLFAswarg7a1tdU2tjZT7HSt7V0P3HsttR0Z+EciCe/3mmRcT19Nw+h9287PXreLxCFXl6BaKaBKdSGlttNYDZoAgExBWwGSJNh2i6BlJPhFQND4amg2J65PwcFaAATGyUdF8T4Wh6pDJjrXmqIhk83tGvw08DItWysmwLWpUlth4VhWyHO4pSycgsloQNn42brmCvDRyPCilAvcnQwID8QTY3keXabyH+Q64aowNJgPEjYZPNlx3i/GUsGrGblexEQcJnXcD5ZbZfwBKsUElIBjC02usqEgtNKdRHeGsXMgJ2gV/g9CzTirQQUwLHuIngDCt0LD5b4Z8uiup9hJDwYHspRBxSe4dXV3n5RnQQFFSKvUoP6GkOpyCXdXXsPgX7i45pIQAgNR40FZlSfgmBDEQWI42d6kPfLfLx/8hgJvk3uMAk7KVZClUSS7EIXEDZ5HgWkjKZgbEWcQkgt0EORQ18FRWyRg2BDRTgToEZTlUNrXoaiHVjJMDDLc2Gm317dTXrvbdu7E/Uo2lIKq6z7M+72Aep9+O4kVCUdrehC3JtDu6WmbJ/6YJO64iiDMaHwM5d0Nj4VgobAopRmlnxgkkyFHe2OqccmQiDLbZGkvODzHa2BBKj8y6/4+SNXJ2bidHJ20yZtpO0+icooQQnvJNeGfrW2MwjlL7udackKxopR2WosjWbEy9UVcR3Ny3FkdIkrcZKwLFUKB07Hw/W/JbXBqE7FKoFiTbGwstDC0ClyMuMM0nmCtuBPQqadg4SrpnKPhi0eHohAqZRS4iihMnH4O4FGuyA8RwxTlCJ4TqJDHNtthHWGrDcnGX9SKG2C7kere6BeEwdas7D3ycPo5Vd+iV6VA4CoVbFvuEQo44yEo17u0G0DmKh8gF7coO0BRqSDK8lSdC14YcTXjQ6FgNVDxZV14g5ZMi4iLRW9eC2AqaYNk+2AU4uR+I0wcvwcN6QGRSZlAtyas0ARSEWIxsnKrmD0aNiQBiCWBtbsBjT35j40wdVsy5oPlW20nAnPzwxRPbSVzboD0fi/W5HWWa/9FgvODIFqXR2n1E8Tq6NSE4QXJQbLoyaBbvxErwlcsBV9l7vIcQLf45pj+Xqx0BbVD4WCR2Zz5eygt+rc4D6GvXJBvyea5OD1vh6/ftFcHJ+04AnIaAT2NgM7OWeKilVdTs+roshpy5s29m+1HP7zTNncDXKBc6OpiZp4FQqPZdkHLAq9NrW+0S9CCbkSpEacY/Kj5afwnm0GL0lm/li6g0goQsOaGhKWWks2CluUZ+3qiAMommZNAiQgMeG+sEvcsAajTovJ5W0dhUHXG8h3SzDN32AGNzS/4rJarHpONyJg7Vey7TVuHNHH9EiaUrofpGOpUYVQ3zKyE8wIwIcAEOxk0NYJH0wtzRQASPT6rw54q7qrkrI5aua7QFggVcMUzhFBNHoSQiXnLADriIT7NJMYWrzP3SGIegjoMDxVhYrAQ8IWIRUq9pvovaBWp//yNAUIlGYXHtRELshkW7vr1tKRc38oA9tp6pPbW9qDdiZDEiLz3Ky2E26ss8LdP3rTzw3k7jZWYDlNpSMFUqgpnFEhpRUCsgnEH0ULDsNnmybSTpLNGGytAE7dYEpfShShqh8ErtI4IwjQCcZms/DRUldnxuO0fnbXXr/eDnh20yTi8sNTASxPXNaY2PsKUOZOmxQZ1IZguCsvCYg7/7LNP/rrdurUbK0t3o8wR2oI1z6LjahQ7g3qMqmpkC9ZxafpWro0KJoFUte5HyMh14PJwM3FOPQBIlJb1cq3QLxyPGrQoN6BWnkjLW9m8ZPS9H9cod0jaCJZDWgvudjF1zXfUxMFSrUIktifXYUwZwxCXlM+78SsewbOp9qY8RAX4tu4h+y78S9OG2iSMmRd16iZ6jUVQClg3DhfKXJDvYBjUxvt+Nj59DxD8InbafZEQAuUFMwR2MaEH7Gx9YrymWJASEKwaCaPKplfzrkKnNMhoi/xDAEANJDT2nroaeswjtBKIidw0VPVVOjIkP7JOUwYShSEpriX+2Nxab/P1G2bVd6Mxb380ah+8r/noYvXy7G17eXTVjg8O28l00iZXJ2FUpD4kycILTojNpr0MisXG1UJQu42VwIIYBOMm4GJV2SyrbZWsFXiFTrFrKeQ6n4zb029etKOjozZOhv75s4N2Ng6veGWi9tQ9w50LYZIrW5xFqsGAkORkBbqSdSSEkpDabp/c3Wuf/OJe3C6SspvOOW13yCkLfBhiVG2F+WRpJ7yNYLbiGHMLuE4yk5nUgn+tAdESomFx5yqYN9+h90hlS5SaPLAqPIKfpfRxLFwCV20SwqCrw+053x2uU1nWxQm/yqDxCIJJS6QFlBxBAM1Dk3crMr8iy40A4WKhFNDMBRyEslGn8RpU8zzsXq5ViKsO/yJPpEvIPkWBJ+iPt8CYLiTZcrw0lpkz0l1pr0OJ9VL6wXEd3LdZXFQUFrR1yw7wKkgUfnU/KJYQHAdrJi8JqkDCiTLJXGsIqYs+VbkVEugB9ARHeVjQK2IPO5rC1HWMWaQE43QvGYzWIygZZAQExu7KWn7e2W67mzci0GuBegdt58OVdjNXX1N7vN/rVSjv/xUU6/gkscdVAvME6dPEIUuTUE0u4puSA4HunjLWmX2rqtyWRvFAegSWJg5BN9AdKrFihZIhXxzfRrLxT3960saHk/bixau2f3zUzuJG0dvnbdw6gtHlOVweCtBwWzIhWQjQIptWUH9ixhVkpUCJalXDJhy0n/9kr338s3vt2u5u0UX6e+S/6db0qjncFRCWLLpsYKkVmBLyB6w/cWIEjCbNas3Kx+jHgNAYA3StpNcD/YJN0d0kXDRQLwqJ2Ey4KRILq02orFp+b44GBUJckLIGy1mL+YxVqrIAXDhig2rE4KYz7hEOqvjCMfIrGmDgPkFlqvyUyWrjQeaz4gisnF1HNLW8r8Pe+RElNJA2H9WCgqHlLFZ1lt+6GQAADkRJREFUke0WWcv+pMLQw2q7tQTONmSAlgJ1BkMQ4fo6JbemaVgEC6WgT9A1kTfl5zTKWrEWoSgDQLkI2DsDe3m9msMRfgODp/t7qCYj2/vkH35DLMparMnq2kYbpChqM+zd3SBZ1z4YJDZZaXtqhu//YlInefDT5xft6UlYvdPD+PzhYYVzdZG8CPEClYTTbGzyFib/cLNwl2I96OgdmakMrEhWYfJF86ivHgRqJv6oPXn4bXv86LAdnCYQj5CcJ96RLZ+3z0RqiHPSBEFwvpqrgQqx2eF52Woz82hBD73AaDPDY1eAE4W73H5891b7+89+Fvp/hCZzNkhLpEvoFXTYwOqA5eOSsLBocLp0ZFNWp5CFhi2Ga1HDoxHZpAaq6N86QqFcJ2LHoq3PQcngUtl4u0gwJhIjhCUUtRFxQWkRazEXSiVopw9BQ2gtQ0HOUms4E6TYg9noXCvPSxCt+9mpOO4zFoFgmt4HWDncpeStBBfow0sQjlLhfUDPWEpixsrG4wJW4hYWedb4Ivc37iZOKkVuLQ2lCZYOBK1ljUEycw0Y5zYVNJ0BH3EBRiEgXz8Ic6Ko6rh7mPNRPsBziXFnMm0tyoKi1SgMQl6E2HqCEOYuk4IrAbtXqDfCgYmL5cAiroWHtRoUazkxyFZQrJ2N3faD5EB2ry+H1l4C/n1eKQNo53mYs2y88TfTdgj36nKcGpAIRzhX5ymSmqc2fSkWZJZ6dPIa8LFwISTWEifoQ7PQmPSqVVdvoQCYcBKEJBYvTtuf//if7fFfXrXpyVk7ILaZUJR0Zu7o7fzUPV4lt5joSibqNrMZ0ZUsiLUPXB/3I/+g3HfGggEsWzCb79O7P26f/fxHQbzinuLLk3fqbq7pKMWYtWJjdC0aN0hCYt/0cryMfCtPowoi6KS7iy4lUGhZEzuACE/BIKiyVZs24CyEDWyrBUADET4g6moMx34tLZ/WS7ovKPoS09LsSLLogQqgjswmQOZVTALE2qv4FihLWC6En1ipBM+cSOaKkwN0GZ1Yypzr+gUJQOuktWkJBRZqQV9P0YjPaOUmhEXqQUyQJp7LnM0yB3Z8RgZQdDw44BS5wN/c//rdLLCZNeam8SMglDZiFg3A6GKBV4WcZsMjMIInhYNbA0KREMgMRxfgXychaHNq4pBUCq5GeIYRECDOpQjIaCPfD3fbx7Es66kxHyZReP17Jgr3I6jwTf/4MqVV+8spnDqKlo57dTJOw7h5O44FsckbbhXxR9wsmjTw4FDh60joTC4VhuDsVFBGKEj4cb6VNPAE8QjZH37/qP3h0TfJq4QQGXTsKNfi0Bg2CN0oPWhFFIjAMhYsizbkeAM2GIgQ2pHmWWwak1vEKtwXmLQnsoxL2KRLcUF3208//7T99ONb8qsAPDxnnfXpEfx3B9noK5f3pEfNRkOJiTBVMIoLpaXSdYdWAUwbV9B8FlaPTVEu1KK2G808zH1n5Eb4GNYrKsE+zVK7EBAfUGascQvokTENIyGI7pZH6xY/P4McmvdBWIG0C24toh/SxnxggXr+SQClC7G5EAMeXSH7kGEhzOir8Qo4M48D8ED+iLHnvTR1npUXVIzsxYuNzZbnP7hlLAfPVTEocP7S/ftfhU2AyWEhvL/uUfU7qm4kZAIJNOl5ZVAOKMC1o+3WERSbVCNkxGXQUBhUr/2Iy5VMSltNkdQodJMBXzdvZiMN283EIFt7EZKtlfbD7xGD8IjPM6Fb+czjw3EbPyURSAHuJEcgBNY9CdSKS5UHn6eTCXkQzOu70N+hYLA9bNxmf6yCegk8bABnHoLG2BiV8/b48ZP2MHHHty/fhMISwZhCT+FgHspi8UWJ1UJzcSHTqcWCqHLV3Kww59G+xB+9wwEdHs2KE0Nk8aqbDH2r2DuAHaP20e0P2y+++Em7EQh4kLzUggXHIiNixRRDOFngOiaZjW6MKGoEBZyt3aFMtKdWrGBedoauV/ffF/CxGWf/zyZHY1elHdeUo9VzYqW5gXD6wuFG1dW0mCKqygKbki9VJ1KYZyUOcbvsuzZLVt7jECr3wnpIf9IVLrhXjY7b2hUEHg2x5FIs3DJuntamu3VYOnUJI8TjydxAlZABQB6pQ9M0ivA+imwJk/UOxhC5ZK7/5f0kCvG50BG6SUxtZILgGvPLh/Bf7a6BpioK/FKCUCgn1Hzw0LhV4UkK760Qt8SKQDcB8k16MG17Ntsa0PBu6kAGH+QTg9SB5PsbyQcE+b1pMPc/hPv/+ZbN9yib4oLE4CTo1cv9dkZxVGjt4ZakgdxpBAT3iMYN0eqJQS49miyfIRcCW5cAUr5VaR2SX+Qz9CtYmEC5T5+9bI8ePm1PHj3TsrxJrgP0hjjmipO0UoprlaFt5/XmPT5ClER6Q66bhCTNENj8ng6Sz48S1F8O4YP1Zn2Z03INahMCdKzGAn/xxeft7p2dtrpLq6PYS4DBcpAq8GQLw1ilItR4p7LEWkc0O1A7lkcrhnotQdWFWghMxoVC07lEI3dLbiaaGwjV5u+ivATxRfOwcCr7YCArgTms96HPCfB1Y6XnFJJVB4ViObrLZc09vyf3xMQkDkh8MrQ/LnFFkQtNZLKJnRtcIq4bRYQDh4xotRBM3lNzqJBjRUlL2B2G+/JmrCrcrg5qkGfBa8Dj5TNYHOIfwITccx7hW/ry1w+y/0nuRWqB7tBgJKxAF5yImNpsBlPvBFYUQaFNOGBHfLowaDD6dS5OwwegS06mpcNi0IzVfL+9uhl6e4RseyvPS05k195Xa3ujdjvJQjTP5v/hZnWDrNDymmbWMNXPT7PZXycRl/hgGrTqiHgD65G8x9uztB+lNxZ7NXkP4os6j6OCcxi9Ni/rjF3LaLOJ0MDgFBdkxA/etP/49z+3h988b7NxEo4RyPMkHudvT8ivZiS0+iw9zqLYfibjx1bJeE/LIi5GO8yZbhCrUPUSNpFzDBVz2n7f7Dy7io2A0gy6t32t/e0v/6Zth5IDyDHYYCeWB2/vMuoYAKdww/r2LCuF65F/tGLS98+oAmPakDknytYREChAUCpuWYwAPAHmhc0m2GpMVYF2kRjx4/Dlo/G1A0QZjJvVq1SkSpTvtSi4ntk7zBPxhTdBwPKZWE+BBiTKOAlCYjlyxcLl+lREpsUsE4WAmrhljjghCgURrwCjQWwFm2MlOS7cMmxBhg4MzbEHoF50dIQaL11fCL9bPJKkGksuRD/oTsjVnYsy/dU/PkjPama5AhcbNuiGxTESaiS+QDdU5wjCCg/BMc7Mf2IxvqtHp7wWuJfm1EwscG/Iiath826HtLi8nibU+cz2dhYqlmR9+WZ4WYF6E6hvp9R2538JiBo3tyCReNwz3szVcVybaSzH2aujdhK+1Tw1H2fR1HMPzQHOxVJAc88SxbK4wPKqMuXR9Jz5AaKF1ucoNpvEsAHiZlF5eJwE4F8ePW3/9ruH6fGQ3r4nuUaUyDT8LjQgECfuwGWQFifcAJVNCWGOjVWW1lyC2d/aeMKrbIf8ms7zujBmlVFOXKGoHVqR/BWte+/erfZ3X3ya/FG6UEbhDKNsWA1DYuFV4owIm0kvzUeEjh3A/kY14ziAZ4vB57vUp+R/xT2rPS9DgwBd2jduFd6BZsExVP033gEJtaL5OwZdusqyG1spVbiWaHEEgc9+Bz+UEtDCVH7DxufGSnEzRa6AlPui552ccb6KVdTDA0HrlsEyAtyzQgW9Zj5YWQ2+V+p1CxcdIhkZnpNHH7BEhBTGMqBqjL/4V0M+59xmjBiOX/36t/kI3SCgqSetkgdbSbC9FBZnxRRYl0JeME0EjWjcERAu5bbJtlusAmmxu2qgDSMKU1IgRTvRETkQ8iOZ/J0IympyH++C0Kwuf9R2Iywbt4btdgSPoi9e6MBJNh3cWDOkmYzTTNZlAu7t85X2Jomg82zk0avD9uw4WW0o7bgu8+Nwn4B3i/nq5od8qK9azFviDBbKDieZcCjPKF3rQmJ9JrPT9ubxw/bP//IwjSBijcjC090kmm9G36vMBxqtXAGaZCd5qPuGZQDOlYRSQT7XNlCllqMCWBbBEAD6vKW5tSl6SYyLzRqxYQv+jJD84G775T/cTbOL5EfSMwx3q1yhXMu3REDYz93DryCivALvx5islcAZhoEbhYCCYIPqmmTygWzRxGShpXgwTyVgaFxyGLzq1KpcBWMA9K/mh1dVwbSbj8RBT0pWywZAELL32NcoVAJx8g66o9wPdIt3edNSNgi2Q8JtBIUCgUyuRQvHx2h7RBkx2X7AD4QZy4C7idGIQsbaUQepd4QLj5KqOSeWEZiQKovFY2wcP6jB0cpJvvoyAlKJrSLFgT5asO/c1IlQlrkjJLbx4R64W1AfAvVybjrvSYAK7wWrQoyymjM9CMqX7aWbBaVOJJOwHbdq6XoebCP0k9GHbSWWZC8/70LTyj0PMjgEYz1SfQYcl3/nOQDncisaJJp8cEbuIihV4oCL8bid78e9olMJNceBea+CWC2j9VmkoE1yrrIZLg2EMck8WBENY14URrB9Fv4s/Knnh6/a7//1d+3ZkxfpEt9dInctMDALB6Tds81osVwAFxeEh9/TtbG4XGjYDukStxjboAF7nyx8g67lPd1I5dC1FtR3NDCJrggieYe/+vhe+/zz23FNUyIQdwUNT1ZbAyQSxgVIdvF1wa0CziXPUcJklp/G4ey8/F5WARsStJK6ea9SPrgB/ALxQamU7hLdwW3pjU8rbkRTG1OUVpbOotVhK6vf67pEDhIci3RYbWu7IEqiJE/CtUrQuOeiBRM/UMHJNVcAQSxCQ6J9XO9QAkrATp6GgA23KXEq3k++VUhIWDJo26cW1M0wPV9RIS20jH0Oqvnfo+Grhp9NgZcAAAAASUVORK5CYII=','2014-05-31 04:32:01',NULL,NULL,1);
/*!40000 ALTER TABLE `workingtime` ENABLE KEYS */;
UNLOCK TABLES;
/*!40103 SET TIME_ZONE=@OLD_TIME_ZONE */;

/*!40101 SET SQL_MODE=@OLD_SQL_MODE */;
/*!40014 SET FOREIGN_KEY_CHECKS=@OLD_FOREIGN_KEY_CHECKS */;
/*!40014 SET UNIQUE_CHECKS=@OLD_UNIQUE_CHECKS */;
/*!40101 SET CHARACTER_SET_CLIENT=@OLD_CHARACTER_SET_CLIENT */;
/*!40101 SET CHARACTER_SET_RESULTS=@OLD_CHARACTER_SET_RESULTS */;
/*!40101 SET COLLATION_CONNECTION=@OLD_COLLATION_CONNECTION */;
/*!40111 SET SQL_NOTES=@OLD_SQL_NOTES */;

-- Dump completed on 2014-07-01 15:52:54
